{"draw_idx": 100, "draws": null, "_stats": [{"depth": [6, 5, 6, 6, 6, 6, 6, 6, 6, 6, 5, 6, 6, 6, 6, 6, 6, 6, 6, 6, 6, 6, 6, 6, 6, 6, 6, 6, 6, 6, 6, 6, 5, 6, 7, 5, 6, 6, 6, 6, 6, 6, 6, 7, 6, 6, 6, 6, 5, 6, 6, 6, 6, 6, 6, 6, 6, 6, 6, 6, 6, 6, 7, 6, 6, 6, 6, 6, 5, 6, 6, 6, 6, 6, 6, 6, 7, 5, 6, 7, 6, 6, 6, 6, 6, 6, 6, 6, 5, 6, 6, 6, 6, 6, 6, 6, 6, 6, 6, 6], "step_size": [0.018761295909893144, 0.018761295909893144, 0.018761295909893144, 0.018761295909893144, 0.018761295909893144, 0.018761295909893144, 0.018761295909893144, 0.018761295909893144, 0.018761295909893144, 0.018761295909893144, 0.018761295909893144, 0.018761295909893144, 0.018761295909893144, 0.018761295909893144, 0.018761295909893144, 0.018761295909893144, 0.018761295909893144, 0.018761295909893144, 0.018761295909893144, 0.018761295909893144, 0.018761295909893144, 0.018761295909893144, 0.018761295909893144, 0.018761295909893144, 0.018761295909893144, 0.018761295909893144, 0.018761295909893144, 0.018761295909893144, 0.018761295909893144, 0.018761295909893144, 0.018761295909893144, 0.018761295909893144, 0.018761295909893144, 0.018761295909893144, 0.018761295909893144, 0.018761295909893144, 0.018761295909893144, 0.018761295909893144, 0.018761295909893144, 0.018761295909893144, 0.018761295909893144, 0.018761295909893144, 0.018761295909893144, 0.018761295909893144, 0.018761295909893144, 0.018761295909893144, 0.018761295909893144, 0.018761295909893144, 0.018761295909893144, 0.018761295909893144, 0.018761295909893144, 0.018761295909893144, 0.018761295909893144, 0.018761295909893144, 0.018761295909893144, 0.018761295909893144, 0.018761295909893144, 0.018761295909893144, 0.018761295909893144, 0.018761295909893144, 0.018761295909893144, 0.018761295909893144, 0.018761295909893144, 0.018761295909893144, 0.018761295909893144, 0.018761295909893144, 0.018761295909893144, 0.018761295909893144, 0.018761295909893144, 0.018761295909893144, 0.018761295909893144, 0.018761295909893144, 0.018761295909893144, 0.018761295909893144, 0.018761295909893144, 0.018761295909893144, 0.018761295909893144, 0.018761295909893144, 0.018761295909893144, 0.018761295909893144, 0.018761295909893144, 0.018761295909893144, 0.018761295909893144, 0.018761295909893144, 0.018761295909893144, 0.018761295909893144, 0.018761295909893144, 0.018761295909893144, 0.018761295909893144, 0.018761295909893144, 0.018761295909893144, 0.018761295909893144, 0.018761295909893144, 0.018761295909893144, 0.018761295909893144, 0.018761295909893144, 0.018761295909893144, 0.018761295909893144, 0.018761295909893144, 0.018761295909893144], "tune": [true, false, false, false, false, false, false, false, false, false, false, false, false, false, false, false, false, false, false, false, false, false, false, false, false, false, false, false, false, false, false, false, false, false, false, false, false, false, false, false, false, false, false, false, false, false, false, false, false, false, false, false, false, false, false, false, false, false, false, false, false, false, false, false, false, false, false, false, false, false, false, false, false, false, false, false, false, false, false, false, false, false, false, false, false, false, false, false, false, false, false, false, false, false, false, false, false, false, false, false], "mean_tree_accept": [0.8723207583044633, 0.8753086878678055, 0.926944421166624, 0.8661233346065671, 0.9108818665166823, 0.9909506863027533, 0.9955611760596291, 0.9773767101234241, 0.7832794322136414, 0.9780872928652959, 0.9444555180674105, 0.912873478765077, 0.9041727086742338, 0.9405804519693667, 0.9646972879049652, 0.8025722138239515, 0.9366033232995118, 0.9716231479154056, 0.9124548503970753, 0.7552816345642516, 0.7923898031863537, 0.9373109604420183, 0.9254529161594458, 0.8016563086928462, 0.773404943424136, 0.9539467343708712, 0.965951216146966, 0.9828423945045475, 0.9444024780500737, 0.9075290175166073, 0.8688383150411529, 0.9728136060541603, 0.7462278001428724, 0.9938922647782239, 0.9953899252449787, 0.7153418634700861, 0.964450049928415, 0.8412420673232395, 0.861968562961051, 0.9494398762740159, 0.7893946459195961, 1.0, 0.9270570580137095, 0.9598787542745831, 0.8665128686864287, 0.9967114473450949, 0.9059658374103398, 0.9120029412928858, 0.9808876019858987, 0.9240187677980148, 0.8462402522308925, 0.7449874819005744, 0.9966237600201042, 0.9794155552563719, 0.8763404066692017, 0.9851452574857676, 0.9182541521034938, 0.9205799691862818, 0.9808946539204724, 0.92045752492925, 0.9189233771177693, 0.9593074243912377, 0.8070121741898396, 0.9865975192880477, 0.78784951894512, 0.884679973308291, 0.894254794289248, 0.9841058294074907, 0.9332501049245915, 0.856992659717493, 0.9642622380444635, 0.9417683274103139, 0.9630593236074009, 0.9733434557909392, 0.9671746151198227, 0.9901650614753218, 0.7351010840636115, 0.9606433566273608, 0.989386543757622, 0.9068484633343491, 0.9267225119263851, 0.9798647298789289, 0.9667310314549648, 0.9702322644582221, 0.899034572895087, 0.9484471610401267, 0.9184913232243619, 0.855965996199767, 0.8070716099275761, 0.9154260157426295, 0.9714479869529803, 0.8884260348915564, 0.9902968253330311, 0.75326644350558, 0.8384078688077179, 0.9326478256271643, 0.911551263762034, 0.9615818450141113, 0.9333227767627312, 0.9782032042095978], "step_size_bar": [0.01881140719101545, 0.01881140719101545, 0.01881140719101545, 0.01881140719101545, 0.01881140719101545, 0.01881140719101545, 0.01881140719101545, 0.01881140719101545, 0.01881140719101545, 0.01881140719101545, 0.01881140719101545, 0.01881140719101545, 0.01881140719101545, 0.01881140719101545, 0.01881140719101545, 0.01881140719101545, 0.01881140719101545, 0.01881140719101545, 0.01881140719101545, 0.01881140719101545, 0.01881140719101545, 0.01881140719101545, 0.01881140719101545, 0.01881140719101545, 0.01881140719101545, 0.01881140719101545, 0.01881140719101545, 0.01881140719101545, 0.01881140719101545, 0.01881140719101545, 0.01881140719101545, 0.01881140719101545, 0.01881140719101545, 0.01881140719101545, 0.01881140719101545, 0.01881140719101545, 0.01881140719101545, 0.01881140719101545, 0.01881140719101545, 0.01881140719101545, 0.01881140719101545, 0.01881140719101545, 0.01881140719101545, 0.01881140719101545, 0.01881140719101545, 0.01881140719101545, 0.01881140719101545, 0.01881140719101545, 0.01881140719101545, 0.01881140719101545, 0.01881140719101545, 0.01881140719101545, 0.01881140719101545, 0.01881140719101545, 0.01881140719101545, 0.01881140719101545, 0.01881140719101545, 0.01881140719101545, 0.01881140719101545, 0.01881140719101545, 0.01881140719101545, 0.01881140719101545, 0.01881140719101545, 0.01881140719101545, 0.01881140719101545, 0.01881140719101545, 0.01881140719101545, 0.01881140719101545, 0.01881140719101545, 0.01881140719101545, 0.01881140719101545, 0.01881140719101545, 0.01881140719101545, 0.01881140719101545, 0.01881140719101545, 0.01881140719101545, 0.01881140719101545, 0.01881140719101545, 0.01881140719101545, 0.01881140719101545, 0.01881140719101545, 0.01881140719101545, 0.01881140719101545, 0.01881140719101545, 0.01881140719101545, 0.01881140719101545, 0.01881140719101545, 0.01881140719101545, 0.01881140719101545, 0.01881140719101545, 0.01881140719101545, 0.01881140719101545, 0.01881140719101545, 0.01881140719101545, 0.01881140719101545, 0.01881140719101545, 0.01881140719101545, 0.01881140719101545, 0.01881140719101545, 0.01881140719101545],