{"draw_idx": 100, "draws": null, "_stats": [{"depth": [5, 5, 6, 6, 6, 5, 5, 6, 6, 5, 5, 7, 6, 5, 5, 5, 5, 6, 5, 7, 6, 6, 6, 7, 5, 5, 5, 5, 6, 6, 5, 5, 7, 6, 5, 5, 6, 5, 5, 7, 6, 6, 6, 8, 5, 8, 5, 6, 6, 5, 6, 6, 5, 7, 5, 5, 5, 5, 6, 6, 5, 5, 5, 6, 6, 6, 5, 6, 6, 6, 6, 5, 5, 5, 5, 7, 5, 6, 8, 7, 7, 7, 8, 8, 5, 7, 7, 6, 7, 8, 6, 5, 6, 6, 7, 6, 5, 5, 7, 6], "step_size": [0.02606772290116808, 0.02606772290116808, 0.02606772290116808, 0.02606772290116808, 0.02606772290116808, 0.02606772290116808, 0.02606772290116808, 0.02606772290116808, 0.02606772290116808, 0.02606772290116808, 0.02606772290116808, 0.02606772290116808, 0.02606772290116808, 0.02606772290116808, 0.02606772290116808, 0.02606772290116808, 0.02606772290116808, 0.02606772290116808, 0.02606772290116808, 0.02606772290116808, 0.02606772290116808, 0.02606772290116808, 0.02606772290116808, 0.02606772290116808, 0.02606772290116808, 0.02606772290116808, 0.02606772290116808, 0.02606772290116808, 0.02606772290116808, 0.02606772290116808, 0.02606772290116808, 0.02606772290116808, 0.02606772290116808, 0.02606772290116808, 0.02606772290116808, 0.02606772290116808, 0.02606772290116808, 0.02606772290116808, 0.02606772290116808, 0.02606772290116808, 0.02606772290116808, 0.02606772290116808, 0.02606772290116808, 0.02606772290116808, 0.02606772290116808, 0.02606772290116808, 0.02606772290116808, 0.02606772290116808, 0.02606772290116808, 0.02606772290116808, 0.02606772290116808, 0.02606772290116808, 0.02606772290116808, 0.02606772290116808, 0.02606772290116808, 0.02606772290116808, 0.02606772290116808, 0.02606772290116808, 0.02606772290116808, 0.02606772290116808, 0.02606772290116808, 0.02606772290116808, 0.02606772290116808, 0.02606772290116808, 0.02606772290116808, 0.02606772290116808, 0.02606772290116808, 0.02606772290116808, 0.02606772290116808, 0.02606772290116808, 0.02606772290116808, 0.02606772290116808, 0.02606772290116808, 0.02606772290116808, 0.02606772290116808, 0.02606772290116808, 0.02606772290116808, 0.02606772290116808, 0.02606772290116808, 0.02606772290116808, 0.02606772290116808, 0.02606772290116808, 0.02606772290116808, 0.02606772290116808, 0.02606772290116808, 0.02606772290116808, 0.02606772290116808, 0.02606772290116808, 0.02606772290116808, 0.02606772290116808, 0.02606772290116808, 0.02606772290116808, 0.02606772290116808, 0.02606772290116808, 0.02606772290116808, 0.02606772290116808, 0.02606772290116808, 0.02606772290116808, 0.02606772290116808, 0.02606772290116808], "tune": [true, false, false, false, false, false, false, false, false, false, false, false, false, false, false, false, false, false, false, false, false, false, false, false, false, false, false, false, false, false, false, false, false, false, false, false, false, false, false, false, false, false, false, false, false, false, false, false, false, false, false, false, false, false, false, false, false, false, false, false, false, false, false, false, false, false, false, false, false, false, false, false, false, false, false, false, false, false, false, false, false, false, false, false, false, false, false, false, false, false, false, false, false, false, false, false, false, false, false, false], "mean_tree_accept": [0.9336766859962742, 0.5155936763225063, 0.9932452269382529, 0.9908512986308069, 0.6117833109031221, 0.8016530158982214, 0.9560050366371076, 0.8220277805857387, 0.5103233399459375, 0.96842944211536, 0.7043739754456729, 0.9950628008089661, 0.8246367659566755, 0.9574119281017714, 0.9042407094157924, 0.9495087422165225, 0.9912914787766715, 0.9472626129753706, 0.8730120382649491, 0.9706353276787577, 0.8252045689429862, 0.9897315576558852, 0.974681140313324, 0.7681512941086956, 0.9798835073439668, 0.9068679104402415, 0.6261934376169228, 0.4970481233917164, 0.8968603411348168, 0.9972083847551142, 0.8848706453460553, 0.9078311296502946, 0.956620301367152, 0.9877453637339331, 0.8846648556601427, 0.9266273806552012, 0.7636196572689868, 0.963880703786757, 0.9078780907190569, 0.7802031849092368, 0.628161704766525, 0.8511226574806018, 0.7548101928859919, 0.7306466862949234, 0.8219413218240073, 0.7195452822311982, 0.9122082121265045, 0.8695870191296441, 0.8164994268637419, 0.9454407533884787, 0.8913323855920381, 1.0, 0.9697949475727387, 0.9093226379913935, 0.8989487736776018, 0.9449345589659549, 0.9663721886692613, 0.8401278566465669, 0.9497482962371788, 0.9757448589726759, 1.0, 0.9896301050667821, 0.9879545600574245, 0.7902346504876765, 0.8613712091752734, 0.946110631825845, 0.6509806425380172, 0.9385190641406244, 0.7560138194297712, 0.9381062530427674, 0.890700200384574, 0.9397510923226149, 0.8868579963739338, 0.7403464108067744, 0.9806227152531154, 0.9472609735698897, 0.8565641987435607, 0.8837345142784084, 0.9767306858024325, 0.8723935375371255, 0.8976201291588363, 0.9769536831685499, 0.7623801830787718, 0.9796213355931347, 0.7988761835819794, 0.9229341025028611, 0.8664261486956721, 0.9061708297716853, 0.9666878148368513, 0.8705765978710556, 0.9615266831769499, 0.8653734438418254, 0.8976743791681759, 0.8642679692776988, 0.9345428716578891, 0.985831437623604, 0.8575886944021991, 0.9523235738044967, 0.8092995732451589, 0.8022527156467334], "step_size_bar": [0.022345779522453774, 0.022345779522453774, 0.022345779522453774, 0.022345779522453774, 0.022345779522453774, 0.022345779522453774, 0.022345779522453774, 0.022345779522453774, 0.022345779522453774, 0.022345779522453774, 0.022345779522453774, 0.022345779522453774, 0.022345779522453774, 0.022345779522453774, 0.022345779522453774, 0.022345779522453774, 0.022345779522453774, 0.022345779522453774, 0.022345779522453774, 0.022345779522453774, 0.022345779522453774, 0.022345779522453774, 0.022345779522453774, 0.022345779522453774, 0.022345779522453774, 0.022345779522453774, 0.022345779522453774, 0.022345779522453774, 0.022345779522453774, 0.022345779522453774, 0.022345779522453774, 0.022345779522453774, 0.022345779522453774, 0.022345779522453774, 0.022345779522453774, 0.022345779522453774, 0.022345779522453774, 0.022345779522453774, 0.022345779522453774, 0.022345779522453774, 0.022345779522453774, 0.022345779522453774, 0.022345779522453774, 0.022345779522453774, 0.022345779522453774, 0.022345779522453774, 0.022345779522453774, 0.022345779522453774, 0.022345779522453774, 0.022345779522453774, 0.022345779522453774, 0.022345779522453774, 0.022345779522453774, 0.022345779522453774, 0.022345779522453774, 0.022345779522453774, 0.022345779522453774, 0.022345779522453774, 0.022345779522453774, 0.022345779522453774, 0.022345779522453774, 0.022345779522453774, 0.022345779522453774, 0.022345779522453774, 0.022345779522453774, 0.022345779522453774, 0.022345779522453774, 0.022345779522453774, 0.022345779522453774, 0.022345779522453774, 0.022345779522453774, 0.022345779522453774, 0.022345779522453774, 0.022345779522453774, 0.022345779522453774, 0.022345779522453774, 0.022345779522453774, 0.022345779522453774, 0.022345779522453774, 0.022345779522453774, 0.022345779522453774, 0.022345779522453774, 0.022345779522453774, 0.022345779522453774, 0.022345779522453774, 0.022345779522453774, 0.022345779522453774, 0.022345779522453774, 0.022345779522453774, 0.022345779522453774, 0.022345779522453774, 0.022345779522453774, 0.022345779522453774, 0.022345779522453774, 0.022345779522453774, 0.022345779522453774, 0.022345779522453774, 0.022345779522453774, 0.022345779522453774, 0.022345779522453774],