{"draw_idx": 100, "draws": null, "_stats": [{"depth": [7, 7, 7, 6, 5, 5, 7, 7, 6, 6, 7, 6, 9, 8, 6, 6, 6, 7, 5, 7, 8, 6, 8, 9, 6, 7, 7, 7, 6, 4, 5, 7, 9, 6, 10, 6, 7, 10, 10, 10, 9, 7, 6, 6, 10, 6, 5, 6, 6, 10, 6, 6, 6, 6, 5, 5, 10, 7, 10, 10, 10, 8, 6, 10, 9, 6, 6, 5, 6, 7, 8, 7, 7, 6, 5, 6, 6, 7, 6, 6, 5, 6, 6, 7, 6, 6, 7, 7, 7, 6, 7, 6, 6, 5, 6, 5, 5, 5, 6, 6], "step_size": [0.07548479639276967, 0.07548479639276967, 0.07548479639276967, 0.07548479639276967, 0.07548479639276967, 0.07548479639276967, 0.07548479639276967, 0.07548479639276967, 0.07548479639276967, 0.07548479639276967, 0.07548479639276967, 0.07548479639276967, 0.07548479639276967, 0.07548479639276967, 0.07548479639276967, 0.07548479639276967, 0.07548479639276967, 0.07548479639276967, 0.07548479639276967, 0.07548479639276967, 0.07548479639276967, 0.07548479639276967, 0.07548479639276967, 0.07548479639276967, 0.07548479639276967, 0.07548479639276967, 0.07548479639276967, 0.07548479639276967, 0.07548479639276967, 0.07548479639276967, 0.07548479639276967, 0.07548479639276967, 0.07548479639276967, 0.07548479639276967, 0.07548479639276967, 0.07548479639276967, 0.07548479639276967, 0.07548479639276967, 0.07548479639276967, 0.07548479639276967, 0.07548479639276967, 0.07548479639276967, 0.07548479639276967, 0.07548479639276967, 0.07548479639276967, 0.07548479639276967, 0.07548479639276967, 0.07548479639276967, 0.07548479639276967, 0.07548479639276967, 0.07548479639276967, 0.07548479639276967, 0.07548479639276967, 0.07548479639276967, 0.07548479639276967, 0.07548479639276967, 0.07548479639276967, 0.07548479639276967, 0.07548479639276967, 0.07548479639276967, 0.07548479639276967, 0.07548479639276967, 0.07548479639276967, 0.07548479639276967, 0.07548479639276967, 0.07548479639276967, 0.07548479639276967, 0.07548479639276967, 0.07548479639276967, 0.07548479639276967, 0.07548479639276967, 0.07548479639276967, 0.07548479639276967, 0.07548479639276967, 0.07548479639276967, 0.07548479639276967, 0.07548479639276967, 0.07548479639276967, 0.07548479639276967, 0.07548479639276967, 0.07548479639276967, 0.07548479639276967, 0.07548479639276967, 0.07548479639276967, 0.07548479639276967, 0.07548479639276967, 0.07548479639276967, 0.07548479639276967, 0.07548479639276967, 0.07548479639276967, 0.07548479639276967, 0.07548479639276967, 0.07548479639276967, 0.07548479639276967, 0.07548479639276967, 0.07548479639276967, 0.07548479639276967, 0.07548479639276967, 0.07548479639276967, 0.07548479639276967], "tune": [true, false, false, false, false, false, false, false, false, false, false, false, false, false, false, false, false, false, false, false, false, false, false, false, false, false, false, false, false, false, false, false, false, false, false, false, false, false, false, false, false, false, false, false, false, false, false, false, false, false, false, false, false, false, false, false, false, false, false, false, false, false, false, false, false, false, false, false, false, false, false, false, false, false, false, false, false, false, false, false, false, false, false, false, false, false, false, false, false, false, false, false, false, false, false, false, false, false, false, false], "mean_tree_accept": [0.9954627311600385, 0.9955747930899234, 0.9997588525187717, 0.9995703428550333, 0.9988556525330899, 0.9991670465869253, 0.999768481991001, 0.9960518811076293, 0.9993087401867764, 0.9994216539132698, 0.9994830264233485, 0.9993649820854951, 0.9993637093028277, 0.9987379217436638, 0.9958160200148022, 0.988498423686626, 0.9972901973020422, 0.9996919293417564, 0.9985604859851188, 0.9962178894989471, 0.9996624948367671, 0.9994675082057012, 0.9993271839935511, 0.9751847377860048, 0.999609355206463, 0.9996679280777088, 0.9985202186889773, 0.9981193571916525, 0.9979879808751317, 0.9890244085939247, 0.9999855571925389, 0.9991375169885142, 0.999146084335819, 0.9997201079248527, 0.9986976857470127, 0.9996284731546486, 0.9996340912013245, 0.9991691296796116, 0.995596213479914, 0.9985973922338776, 0.9996074753101675, 0.9935863593419589, 0.9971479053796517, 0.9990086844907425, 0.9895389185643714, 0.9995763731177955, 0.9999968867112792, 0.8280719221414562, 0.9975285100237954, 0.9396386859047366, 0.99999854790659, 0.9973672422530335, 0.9991649705062091, 0.9985857817118856, 0.9999442110253417, 0.9993579797520155, 0.9965762617459071, 0.9993727807841045, 0.9969040558637949, 0.9987045580546333, 0.967051901995091, 0.9989992996771708, 0.9997922110235674, 0.9966125469644417, 0.9952879756612725, 0.999060716034941, 0.9992545930429377, 0.9988118342653063, 0.9998586975248035, 0.9997125318288097, 0.997970260222817, 0.9998339957052682, 0.9995659368464636, 0.9999969787618356, 0.9978643315151866, 0.9994610505126049, 0.9991439226999854, 0.9997807343086877, 0.9867082915132372, 0.9981068979019312, 0.9988604586569838, 0.999685108620503, 0.9999913190414775, 0.9993364120570253, 0.9984503063716952, 0.9976137743984431, 0.9990441297014915, 0.9994882143317155, 0.9929582275284291, 0.9980607554377744, 0.9999574372788341, 0.9973107776424338, 0.9972786897852839, 0.9999837763520538, 0.9997474385988581, 0.9992728247166881, 0.9999900585720075, 0.9971682003046402, 0.998127227572013, 0.9505195320762115], "step_size_bar": [0.03438272003959664, 0.03438272003959664, 0.03438272003959664, 0.03438272003959664, 0.03438272003959664, 0.03438272003959664, 0.03438272003959664, 0.03438272003959664, 0.03438272003959664, 0.03438272003959664, 0.03438272003959664, 0.03438272003959664, 0.03438272003959664, 0.03438272003959664, 0.03438272003959664, 0.03438272003959664, 0.03438272003959664, 0.03438272003959664, 0.03438272003959664, 0.03438272003959664, 0.03438272003959664, 0.03438272003959664, 0.03438272003959664, 0.03438272003959664, 0.03438272003959664, 0.03438272003959664, 0.03438272003959664, 0.03438272003959664, 0.03438272003959664, 0.03438272003959664, 0.03438272003959664, 0.03438272003959664, 0.03438272003959664, 0.03438272003959664, 0.03438272003959664, 0.03438272003959664, 0.03438272003959664, 0.03438272003959664, 0.03438272003959664, 0.03438272003959664, 0.03438272003959664, 0.03438272003959664, 0.03438272003959664, 0.03438272003959664, 0.03438272003959664, 0.03438272003959664, 0.03438272003959664, 0.03438272003959664, 0.03438272003959664, 0.03438272003959664, 0.03438272003959664, 0.03438272003959664, 0.03438272003959664, 0.03438272003959664, 0.03438272003959664, 0.03438272003959664, 0.03438272003959664, 0.03438272003959664, 0.03438272003959664, 0.03438272003959664, 0.03438272003959664, 0.03438272003959664, 0.03438272003959664, 0.03438272003959664, 0.03438272003959664, 0.03438272003959664, 0.03438272003959664, 0.03438272003959664, 0.03438272003959664, 0.03438272003959664, 0.03438272003959664, 0.03438272003959664, 0.03438272003959664, 0.03438272003959664, 0.03438272003959664, 0.03438272003959664, 0.03438272003959664, 0.03438272003959664, 0.03438272003959664, 0.03438272003959664, 0.03438272003959664, 0.03438272003959664, 0.03438272003959664, 0.03438272003959664, 0.03438272003959664, 0.03438272003959664, 0.03438272003959664, 0.03438272003959664, 0.03438272003959664, 0.03438272003959664, 0.03438272003959664, 0.03438272003959664, 0.03438272003959664, 0.03438272003959664, 0.03438272003959664, 0.03438272003959664, 0.03438272003959664, 0.03438272003959664, 0.03438272003959664, 0.03438272003959664], "tree_size": [95.0, 127.0, 127.0, 63.0, 31.0, 31.0, 127.0, 127.0, 63.0, 63.0, 95.0, 63.0, 287.0, 223.0, 63.0, 63.0, 39.0, 127.0, 31.0, 127.0, 175.0, 63.0, 255.0, 302.0, 63.0, 127.0, 127.0, 127.0, 63.0, 15.0, 31.0, 127.0, 447.0, 63.0, 767.0, 63.0, 127.0, 1023.0, 1023.0, 1023.0, 319.0, 127.0, 63.0, 63.0, 1023.0, 63.0, 31.0, 35.0, 63.0, 1023.0, 63.0, 63.0, 63.0, 63.0, 31.0, 31.0, 1023.0, 127.0, 1023.0, 767.0, 543.0, 255.0, 63.0, 639.0, 287.0, 63.0, 63.0, 31.0, 63.0, 127.0, 159.0, 127.0, 95.0, 63.0, 31.0, 63.0, 63.0, 127.0, 63.0, 63.0, 31.0, 63.0, 63.0, 95.0, 63.0, 63.0, 111.0, 127.0, 127.0, 63.0, 127.0, 63.0, 47.0, 31.0, 63.0, 31.0, 31.0, 31.0, 63.0, 39.0],