{"draw_idx": 100, "draws": null, "_stats": [{"depth": [5, 6, 7, 7, 6, 7, 5, 7, 5, 6, 5, 5, 5, 8, 6, 6, 6, 5, 7, 6, 5, 6, 5, 5, 6, 5, 5, 8, 5, 6, 6, 7, 6, 5, 7, 6, 6, 6, 6, 8, 8, 5, 6, 7, 6, 6, 5, 7, 5, 5, 5, 6, 5, 6, 5, 6, 5, 6, 6, 5, 6, 6, 6, 6, 6, 6, 6, 6, 6, 6, 6, 5, 5, 6, 6, 7, 5, 7, 6, 5, 5, 5, 5, 5, 5, 6, 6, 5, 6, 5, 6, 5, 6, 5, 6, 6, 5, 5, 7, 6], "step_size": [0.03557307994030971, 0.03557307994030971, 0.03557307994030971, 0.03557307994030971, 0.03557307994030971, 0.03557307994030971, 0.03557307994030971, 0.03557307994030971, 0.03557307994030971, 0.03557307994030971, 0.03557307994030971, 0.03557307994030971, 0.03557307994030971, 0.03557307994030971, 0.03557307994030971, 0.03557307994030971, 0.03557307994030971, 0.03557307994030971, 0.03557307994030971, 0.03557307994030971, 0.03557307994030971, 0.03557307994030971, 0.03557307994030971, 0.03557307994030971, 0.03557307994030971, 0.03557307994030971, 0.03557307994030971, 0.03557307994030971, 0.03557307994030971, 0.03557307994030971, 0.03557307994030971, 0.03557307994030971, 0.03557307994030971, 0.03557307994030971, 0.03557307994030971, 0.03557307994030971, 0.03557307994030971, 0.03557307994030971, 0.03557307994030971, 0.03557307994030971, 0.03557307994030971, 0.03557307994030971, 0.03557307994030971, 0.03557307994030971, 0.03557307994030971, 0.03557307994030971, 0.03557307994030971, 0.03557307994030971, 0.03557307994030971, 0.03557307994030971, 0.03557307994030971, 0.03557307994030971, 0.03557307994030971, 0.03557307994030971, 0.03557307994030971, 0.03557307994030971, 0.03557307994030971, 0.03557307994030971, 0.03557307994030971, 0.03557307994030971, 0.03557307994030971, 0.03557307994030971, 0.03557307994030971, 0.03557307994030971, 0.03557307994030971, 0.03557307994030971, 0.03557307994030971, 0.03557307994030971, 0.03557307994030971, 0.03557307994030971, 0.03557307994030971, 0.03557307994030971, 0.03557307994030971, 0.03557307994030971, 0.03557307994030971, 0.03557307994030971, 0.03557307994030971, 0.03557307994030971, 0.03557307994030971, 0.03557307994030971, 0.03557307994030971, 0.03557307994030971, 0.03557307994030971, 0.03557307994030971, 0.03557307994030971, 0.03557307994030971, 0.03557307994030971, 0.03557307994030971, 0.03557307994030971, 0.03557307994030971, 0.03557307994030971, 0.03557307994030971, 0.03557307994030971, 0.03557307994030971, 0.03557307994030971, 0.03557307994030971, 0.03557307994030971, 0.03557307994030971, 0.03557307994030971, 0.03557307994030971], "tune": [true, false, false, false, false, false, false, false, false, false, false, false, false, false, false, false, false, false, false, false, false, false, false, false, false, false, false, false, false, false, false, false, false, false, false, false, false, false, false, false, false, false, false, false, false, false, false, false, false, false, false, false, false, false, false, false, false, false, false, false, false, false, false, false, false, false, false, false, false, false, false, false, false, false, false, false, false, false, false, false, false, false, false, false, false, false, false, false, false, false, false, false, false, false, false, false, false, false, false, false], "mean_tree_accept": [0.9986794639787117, 0.9858670182190112, 0.8384251230966189, 0.9571905359239301, 0.8611453112772754, 0.9519458042500288, 0.7969131807346866, 0.7718479204155588, 0.394909929908817, 0.9921091487075293, 0.9862198384788409, 0.7983449162656725, 0.8231299632310108, 0.929517701891657, 0.8496393077879459, 0.8486451241703019, 0.9578434432733401, 0.8686427418425339, 0.9332468146744957, 0.8845468942701745, 0.832653248693994, 0.9946980733237698, 0.8578911238683881, 0.8116218713823914, 0.7364341155984404, 0.9604200847910129, 0.8676202137330826, 0.8641520198291485, 0.5196426454926848, 0.9884037310398291, 0.8210251675581175, 0.9690953384458778, 0.8971658220366956, 0.9077642657079941, 0.9948235731947148, 0.5508075948489924, 0.8589802479680549, 0.707754851394968, 0.7550532912538639, 0.9352900153244859, 0.9950804429024488, 0.9548146371651721, 0.8988213676309508, 0.5927640825491295, 0.9992564094928332, 0.7918571781366518, 0.979238901037593, 0.8669824561584181, 0.9074783175772149, 0.9440937376862245, 0.9867434435956687, 0.909775128795579, 0.9601977158017407, 0.5597784204699372, 0.9633101929226688, 0.788548288877711, 0.9781444937467048, 0.44664157501411295, 0.9914120433073136, 0.8505504226132129, 0.7760110578724365, 0.9530682607789852, 0.9829494576888769, 0.9547573329232042, 0.9201632890518486, 0.896861181683946, 0.6085823004937708, 0.8924006961147265, 0.9755104855204815, 0.9804995872429231, 0.8499450374025468, 0.7590921004242708, 0.9645027333076238, 0.9368553854320806, 0.8159432528353009, 0.9959914102827979, 0.9071885828415764, 0.5407561308873242, 0.962574235611001, 0.6796190282686226, 0.9807765075039484, 0.8667561373822928, 0.9087041845629384, 0.9612730977741374, 0.773588294303138, 0.9771374962593037, 0.9784453789967802, 0.9842322861579551, 0.9355867206889941, 0.8407833738085119, 0.7459609891569449, 0.5978854795660858, 0.955583241356401, 0.9855973980086563, 0.7887972010400449, 0.9694849747135875, 0.9946298898285126, 0.7178207856820243, 0.9676017048426909, 0.9644253838879824], "step_size_bar": [0.022480973610450136, 0.022480973610450136, 0.022480973610450136, 0.022480973610450136, 0.022480973610450136, 0.022480973610450136, 0.022480973610450136, 0.022480973610450136, 0.022480973610450136, 0.022480973610450136, 0.022480973610450136, 0.022480973610450136, 0.022480973610450136, 0.022480973610450136, 0.022480973610450136, 0.022480973610450136, 0.022480973610450136, 0.022480973610450136, 0.022480973610450136, 0.022480973610450136, 0.022480973610450136, 0.022480973610450136, 0.022480973610450136, 0.022480973610450136, 0.022480973610450136, 0.022480973610450136, 0.022480973610450136, 0.022480973610450136, 0.022480973610450136, 0.022480973610450136, 0.022480973610450136, 0.022480973610450136, 0.022480973610450136, 0.022480973610450136, 0.022480973610450136, 0.022480973610450136, 0.022480973610450136, 0.022480973610450136, 0.022480973610450136, 0.022480973610450136, 0.022480973610450136, 0.022480973610450136, 0.022480973610450136, 0.022480973610450136, 0.022480973610450136, 0.022480973610450136, 0.022480973610450136, 0.022480973610450136, 0.022480973610450136, 0.022480973610450136, 0.022480973610450136, 0.022480973610450136, 0.022480973610450136, 0.022480973610450136, 0.022480973610450136, 0.022480973610450136, 0.022480973610450136, 0.022480973610450136, 0.022480973610450136, 0.022480973610450136, 0.022480973610450136, 0.022480973610450136, 0.022480973610450136, 0.022480973610450136, 0.022480973610450136, 0.022480973610450136, 0.022480973610450136, 0.022480973610450136, 0.022480973610450136, 0.022480973610450136, 0.022480973610450136, 0.022480973610450136, 0.022480973610450136, 0.022480973610450136, 0.022480973610450136, 0.022480973610450136, 0.022480973610450136, 0.022480973610450136, 0.022480973610450136, 0.022480973610450136, 0.022480973610450136, 0.022480973610450136, 0.022480973610450136, 0.022480973610450136, 0.022480973610450136, 0.022480973610450136, 0.022480973610450136, 0.022480973610450136, 0.022480973610450136, 0.022480973610450136, 0.022480973610450136, 0.022480973610450136, 0.022480973610450136, 0.022480973610450136, 0.022480973610450136, 0.022480973610450136, 0.022480973610450136, 0.022480973610450136, 0.022480973610450136, 0.022480973610450136],