{"draw_idx": 100, "draws": null, "_stats": [{"depth": [5, 6, 7, 4, 6, 7, 6, 6, 7, 4, 7, 7, 6, 5, 6, 7, 6, 6, 6, 6, 3, 5, 6, 5, 7, 7, 7, 5, 6, 6, 8, 6, 7, 7, 6, 7, 7, 7, 7, 7, 6, 6, 7, 7, 7, 8, 8, 9, 7, 7, 6, 7, 5, 9, 6, 4, 6, 9, 7, 5, 6, 9, 6, 6, 5, 6, 7, 7, 8, 6, 6, 9, 6, 7, 7, 9, 6, 7, 8, 8, 7, 7, 6, 6, 6, 7, 5, 6, 6, 6, 7, 6, 7, 9, 7, 5, 5, 4, 7, 7], "step_size": [0.09097767739107211, 0.09097767739107211, 0.09097767739107211, 0.09097767739107211, 0.09097767739107211, 0.09097767739107211, 0.09097767739107211, 0.09097767739107211, 0.09097767739107211, 0.09097767739107211, 0.09097767739107211, 0.09097767739107211, 0.09097767739107211, 0.09097767739107211, 0.09097767739107211, 0.09097767739107211, 0.09097767739107211, 0.09097767739107211, 0.09097767739107211, 0.09097767739107211, 0.09097767739107211, 0.09097767739107211, 0.09097767739107211, 0.09097767739107211, 0.09097767739107211, 0.09097767739107211, 0.09097767739107211, 0.09097767739107211, 0.09097767739107211, 0.09097767739107211, 0.09097767739107211, 0.09097767739107211, 0.09097767739107211, 0.09097767739107211, 0.09097767739107211, 0.09097767739107211, 0.09097767739107211, 0.09097767739107211, 0.09097767739107211, 0.09097767739107211, 0.09097767739107211, 0.09097767739107211, 0.09097767739107211, 0.09097767739107211, 0.09097767739107211, 0.09097767739107211, 0.09097767739107211, 0.09097767739107211, 0.09097767739107211, 0.09097767739107211, 0.09097767739107211, 0.09097767739107211, 0.09097767739107211, 0.09097767739107211, 0.09097767739107211, 0.09097767739107211, 0.09097767739107211, 0.09097767739107211, 0.09097767739107211, 0.09097767739107211, 0.09097767739107211, 0.09097767739107211, 0.09097767739107211, 0.09097767739107211, 0.09097767739107211, 0.09097767739107211, 0.09097767739107211, 0.09097767739107211, 0.09097767739107211, 0.09097767739107211, 0.09097767739107211, 0.09097767739107211, 0.09097767739107211, 0.09097767739107211, 0.09097767739107211, 0.09097767739107211, 0.09097767739107211, 0.09097767739107211, 0.09097767739107211, 0.09097767739107211, 0.09097767739107211, 0.09097767739107211, 0.09097767739107211, 0.09097767739107211, 0.09097767739107211, 0.09097767739107211, 0.09097767739107211, 0.09097767739107211, 0.09097767739107211, 0.09097767739107211, 0.09097767739107211, 0.09097767739107211, 0.09097767739107211, 0.09097767739107211, 0.09097767739107211, 0.09097767739107211, 0.09097767739107211, 0.09097767739107211, 0.09097767739107211, 0.09097767739107211], "tune": [true, false, false, false, false, false, false, false, false, false, false, false, false, false, false, false, false, false, false, false, false, false, false, false, false, false, false, false, false, false, false, false, false, false, false, false, false, false, false, false, false, false, false, false, false, false, false, false, false, false, false, false, false, false, false, false, false, false, false, false, false, false, false, false, false, false, false, false, false, false, false, false, false, false, false, false, false, false, false, false, false, false, false, false, false, false, false, false, false, false, false, false, false, false, false, false, false, false, false, false], "mean_tree_accept": [0.9999666785654792, 0.9997767319124544, 0.998907423665291, 0.9941426352753389, 0.9998525379508585, 0.9967260829946757, 0.9994122233080834, 0.99875953574916, 0.9990038606854635, 0.9043969544295045, 0.9898520894743239, 0.9875538493712379, 0.9941090811663155, 0.9947691859273279, 0.9983089834285919, 0.9976558326740034, 0.9999825466528598, 0.9992697454715804, 0.9991081681258783, 0.9968546438853148, 0.9715906242679618, 1.0, 0.9902389577360645, 0.9989420824426075, 0.9995980761101051, 0.9993469279792231, 0.9288828809897811, 0.9999642236938434, 0.9993210643911492, 0.9997149070699057, 0.9830211010489445, 0.7148746660359883, 0.9432484365578387, 0.999746111078632, 0.9969148494436731, 0.9982523769828494, 0.9975768566527264, 0.9982659105535245, 0.997949306483686, 0.9966562943975844, 0.9998624804293598, 0.9975274835872638, 0.9517513047325136, 0.9993812978281509, 0.9987727103645856, 0.9988062334043286, 0.9971848404268854, 0.9948269848979068, 0.9985016458755349, 0.999571100699855, 0.9871075114237394, 0.9969777523626157, 0.9999973331319356, 0.9983517348784309, 0.9995008333992419, 0.9974886465406025, 0.99946384715294, 0.9988534018349252, 0.9980268683605799, 0.9989996173569403, 0.9987304308374605, 0.9993599628801649, 0.988316493714285, 0.9998841399770609, 0.9996767208804582, 0.999534483444018, 0.9985540960953923, 0.9990841106850867, 0.9980829443517836, 0.9997617151369768, 0.9988942545838863, 0.9996766427649876, 0.9990962772538934, 0.9989346994441834, 0.9984535093453684, 0.9996840201911649, 0.9974298279470079, 0.9989175433709867, 0.9985791469649429, 0.9993272595778895, 0.8923533292885635, 0.9878266789748611, 0.9992103956296728, 0.997710106711743, 0.999188132173259, 0.9994140816189712, 0.995776768184043, 0.9979577957679766, 0.9936490197471245, 0.999207233489824, 0.9858113216158259, 0.9970377650607339, 0.9967185991640836, 0.9977583444737506, 0.9896804069156893, 0.9986821393431033, 0.9980680401508387, 0.9925973389225633, 0.988973521094858, 0.9970910865488118], "step_size_bar": [0.04063891310286236, 0.04063891310286236, 0.04063891310286236, 0.04063891310286236, 0.04063891310286236, 0.04063891310286236, 0.04063891310286236, 0.04063891310286236, 0.04063891310286236, 0.04063891310286236, 0.04063891310286236, 0.04063891310286236, 0.04063891310286236, 0.04063891310286236, 0.04063891310286236, 0.04063891310286236, 0.04063891310286236, 0.04063891310286236, 0.04063891310286236, 0.04063891310286236, 0.04063891310286236, 0.04063891310286236, 0.04063891310286236, 0.04063891310286236, 0.04063891310286236, 0.04063891310286236, 0.04063891310286236, 0.04063891310286236, 0.04063891310286236, 0.04063891310286236, 0.04063891310286236, 0.04063891310286236, 0.04063891310286236, 0.04063891310286236, 0.04063891310286236, 0.04063891310286236, 0.04063891310286236, 0.04063891310286236, 0.04063891310286236, 0.04063891310286236, 0.04063891310286236, 0.04063891310286236, 0.04063891310286236, 0.04063891310286236, 0.04063891310286236, 0.04063891310286236, 0.04063891310286236, 0.04063891310286236, 0.04063891310286236, 0.04063891310286236, 0.04063891310286236, 0.04063891310286236, 0.04063891310286236, 0.04063891310286236, 0.04063891310286236, 0.04063891310286236, 0.04063891310286236, 0.04063891310286236, 0.04063891310286236, 0.04063891310286236, 0.04063891310286236, 0.04063891310286236, 0.04063891310286236, 0.04063891310286236, 0.04063891310286236, 0.04063891310286236, 0.04063891310286236, 0.04063891310286236, 0.04063891310286236, 0.04063891310286236, 0.04063891310286236, 0.04063891310286236, 0.04063891310286236, 0.04063891310286236, 0.04063891310286236, 0.04063891310286236, 0.04063891310286236, 0.04063891310286236, 0.04063891310286236, 0.04063891310286236, 0.04063891310286236, 0.04063891310286236, 0.04063891310286236, 0.04063891310286236, 0.04063891310286236, 0.04063891310286236, 0.04063891310286236, 0.04063891310286236, 0.04063891310286236, 0.04063891310286236, 0.04063891310286236, 0.04063891310286236, 0.04063891310286236, 0.04063891310286236, 0.04063891310286236, 0.04063891310286236, 0.04063891310286236, 0.04063891310286236, 0.04063891310286236, 0.04063891310286236], "tree_size": [31.0, 63.0, 111.0, 15.0, 63.0, 95.0, 63.0, 63.0, 127.0, 15.0, 123.0, 95.0, 63.0, 31.0, 55.0, 95.0, 63.0, 63.0, 63.0, 63.0, 7.0, 31.0, 63.0, 31.0, 95.0, 127.0, 71.0, 31.0, 63.0, 63.0, 191.0, 63.0, 127.0, 127.0, 63.0, 127.0, 95.0, 127.0, 127.0, 127.0, 63.0, 63.0, 123.0, 127.0, 127.0, 191.0, 191.0, 447.0, 127.0, 95.0, 63.0, 127.0, 31.0, 319.0, 63.0, 15.0, 63.0, 351.0, 111.0, 31.0, 47.0, 287.0, 47.0, 63.0, 31.0, 63.0, 71.0, 127.0, 255.0, 63.0, 63.0, 287.0, 63.0, 127.0, 127.0, 447.0, 63.0, 127.0, 191.0, 255.0, 127.0, 98.0, 63.0, 63.0, 63.0, 127.0, 31.0, 63.0, 63.0, 63.0, 96.0, 63.0, 127.0, 319.0, 103.0, 31.0, 31.0, 15.0, 87.0, 127.0],