{"draw_idx": 100, "draws": null, "_stats": [{"depth": [5, 6, 8, 8, 7, 7, 6, 5, 7, 8, 7, 7, 6, 5, 6, 8, 6, 6, 6, 6, 6, 6, 9, 8, 6, 6, 7, 9, 8, 5, 7, 5, 5, 5, 5, 7, 7, 9, 7, 6, 5, 6, 7, 8, 8, 6, 5, 5, 5, 7, 6, 6, 5, 7, 4, 7, 7, 7, 7, 8, 6, 7, 8, 6, 8, 7, 6, 7, 7, 8, 8, 6, 9, 8, 10, 8, 8, 6, 7, 5, 9, 9, 7, 7, 7, 7, 9, 9, 7, 8, 8, 8, 8, 9, 9, 7, 6, 8, 7, 7], "step_size": [0.0715190773477054, 0.0715190773477054, 0.0715190773477054, 0.0715190773477054, 0.0715190773477054, 0.0715190773477054, 0.0715190773477054, 0.0715190773477054, 0.0715190773477054, 0.0715190773477054, 0.0715190773477054, 0.0715190773477054, 0.0715190773477054, 0.0715190773477054, 0.0715190773477054, 0.0715190773477054, 0.0715190773477054, 0.0715190773477054, 0.0715190773477054, 0.0715190773477054, 0.0715190773477054, 0.0715190773477054, 0.0715190773477054, 0.0715190773477054, 0.0715190773477054, 0.0715190773477054, 0.0715190773477054, 0.0715190773477054, 0.0715190773477054, 0.0715190773477054, 0.0715190773477054, 0.0715190773477054, 0.0715190773477054, 0.0715190773477054, 0.0715190773477054, 0.0715190773477054, 0.0715190773477054, 0.0715190773477054, 0.0715190773477054, 0.0715190773477054, 0.0715190773477054, 0.0715190773477054, 0.0715190773477054, 0.0715190773477054, 0.0715190773477054, 0.0715190773477054, 0.0715190773477054, 0.0715190773477054, 0.0715190773477054, 0.0715190773477054, 0.0715190773477054, 0.0715190773477054, 0.0715190773477054, 0.0715190773477054, 0.0715190773477054, 0.0715190773477054, 0.0715190773477054, 0.0715190773477054, 0.0715190773477054, 0.0715190773477054, 0.0715190773477054, 0.0715190773477054, 0.0715190773477054, 0.0715190773477054, 0.0715190773477054, 0.0715190773477054, 0.0715190773477054, 0.0715190773477054, 0.0715190773477054, 0.0715190773477054, 0.0715190773477054, 0.0715190773477054, 0.0715190773477054, 0.0715190773477054, 0.0715190773477054, 0.0715190773477054, 0.0715190773477054, 0.0715190773477054, 0.0715190773477054, 0.0715190773477054, 0.0715190773477054, 0.0715190773477054, 0.0715190773477054, 0.0715190773477054, 0.0715190773477054, 0.0715190773477054, 0.0715190773477054, 0.0715190773477054, 0.0715190773477054, 0.0715190773477054, 0.0715190773477054, 0.0715190773477054, 0.0715190773477054, 0.0715190773477054, 0.0715190773477054, 0.0715190773477054, 0.0715190773477054, 0.0715190773477054, 0.0715190773477054, 0.0715190773477054], "tune": [true, false, false, false, false, false, false, false, false, false, false, false, false, false, false, false, false, false, false, false, false, false, false, false, false, false, false, false, false, false, false, false, false, false, false, false, false, false, false, false, false, false, false, false, false, false, false, false, false, false, false, false, false, false, false, false, false, false, false, false, false, false, false, false, false, false, false, false, false, false, false, false, false, false, false, false, false, false, false, false, false, false, false, false, false, false, false, false, false, false, false, false, false, false, false, false, false, false, false, false], "mean_tree_accept": [0.9978683489659209, 0.9992020937824114, 0.9984290412253397, 0.9995989907708532, 0.9822531831372934, 0.9348664141417644, 0.9997832692798382, 0.9999999147449874, 0.9993097277260662, 0.9993078230719613, 0.9585355354442177, 0.8853693436373082, 0.9991484415985239, 0.9999996764330802, 0.9982028446429511, 0.9991230325978213, 0.9972884351236991, 0.9999252726634246, 0.99986740332809, 0.9989382704162967, 0.9992980880402201, 0.999223310625391, 0.9997487567243155, 0.9985836380428968, 0.999656203118875, 0.9997448970067093, 0.9329536071023266, 0.9994820440634962, 0.9960052838539036, 0.9966280485182177, 0.9987498404201899, 0.9991475840445578, 0.994857098008239, 0.9966417013777958, 0.9984123723964295, 0.9985408722478281, 0.9997529625387247, 0.998200283615181, 0.9997254232959646, 0.9996494421196968, 0.9993240944784776, 0.9985491216728662, 0.9986428800069056, 0.9999857126467817, 0.9986761403974295, 0.9395025873814932, 0.9978293698563605, 0.9998850486121672, 0.9952421567965997, 0.999751339425498, 0.9999989119289721, 0.9997431378599901, 0.9982751744017435, 0.9978955096895564, 0.9985559994655583, 0.9990758335924854, 0.9989161846442361, 0.9995285142803486, 0.9987045103167389, 0.9984373616671669, 0.9998335731540802, 0.9996280507957944, 0.9977970788936857, 0.9998292849827823, 0.9848101673941706, 0.9983063323076357, 0.9987218362944853, 0.99856926125547, 0.9992932025389851, 0.9991714852261062, 0.9985445564040615, 0.9998362622881274, 0.9994641529663387, 0.9997363564588114, 0.9984081338432583, 0.9976506964546146, 0.9985588469666475, 0.9350305051320603, 0.2554354411362321, 0.6247508491472662, 0.9792266399899091, 0.9862958678888254, 0.9955621463559376, 0.998791145342769, 0.9995416818909716, 0.9982033879288826, 0.9985488822693828, 0.9992717204842562, 0.9998763167534699, 0.9739032761157963, 0.9943321141037406, 0.9976737966809462, 0.9909367192925465, 0.988796957208142, 0.9989481599167455, 0.9982834348302587, 0.9989714931459859, 0.9984950746140591, 0.9999817127846946, 0.9983966811633156], "step_size_bar": [0.0339248524752364, 0.0339248524752364, 0.0339248524752364, 0.0339248524752364, 0.0339248524752364, 0.0339248524752364, 0.0339248524752364, 0.0339248524752364, 0.0339248524752364, 0.0339248524752364, 0.0339248524752364, 0.0339248524752364, 0.0339248524752364, 0.0339248524752364, 0.0339248524752364, 0.0339248524752364, 0.0339248524752364, 0.0339248524752364, 0.0339248524752364, 0.0339248524752364, 0.0339248524752364, 0.0339248524752364, 0.0339248524752364, 0.0339248524752364, 0.0339248524752364, 0.0339248524752364, 0.0339248524752364, 0.0339248524752364, 0.0339248524752364, 0.0339248524752364, 0.0339248524752364, 0.0339248524752364, 0.0339248524752364, 0.0339248524752364, 0.0339248524752364, 0.0339248524752364, 0.0339248524752364, 0.0339248524752364, 0.0339248524752364, 0.0339248524752364, 0.0339248524752364, 0.0339248524752364, 0.0339248524752364, 0.0339248524752364, 0.0339248524752364, 0.0339248524752364, 0.0339248524752364, 0.0339248524752364, 0.0339248524752364, 0.0339248524752364, 0.0339248524752364, 0.0339248524752364, 0.0339248524752364, 0.0339248524752364, 0.0339248524752364, 0.0339248524752364, 0.0339248524752364, 0.0339248524752364, 0.0339248524752364, 0.0339248524752364, 0.0339248524752364, 0.0339248524752364, 0.0339248524752364, 0.0339248524752364, 0.0339248524752364, 0.0339248524752364, 0.0339248524752364, 0.0339248524752364, 0.0339248524752364, 0.0339248524752364, 0.0339248524752364, 0.0339248524752364, 0.0339248524752364, 0.0339248524752364, 0.0339248524752364, 0.0339248524752364, 0.0339248524752364, 0.0339248524752364, 0.0339248524752364, 0.0339248524752364, 0.0339248524752364, 0.0339248524752364, 0.0339248524752364, 0.0339248524752364, 0.0339248524752364, 0.0339248524752364, 0.0339248524752364, 0.0339248524752364, 0.0339248524752364, 0.0339248524752364, 0.0339248524752364, 0.0339248524752364, 0.0339248524752364, 0.0339248524752364, 0.0339248524752364, 0.0339248524752364, 0.0339248524752364, 0.0339248524752364, 0.0339248524752364, 0.0339248524752364], "tree_size": [31.0, 63.0, 159.0, 255.0, 127.0, 127.0, 63.0, 31.0, 127.0, 255.0, 90.0, 119.0, 63.0, 31.0, 63.0, 191.0, 63.0, 63.0, 63.0, 63.0, 63.0, 63.0, 319.0, 255.0, 63.0, 63.0, 127.0, 383.0, 255.0, 31.0, 127.0, 31.0, 31.0, 31.0, 31.0, 127.0, 95.0, 383.0, 95.0, 63.0, 31.0, 63.0, 95.0, 159.0, 159.0, 43.0, 31.0, 31.0, 31.0, 127.0, 63.0, 63.0, 31.0, 111.0, 15.0, 127.0, 95.0, 127.0, 127.0, 255.0, 63.0, 127.0, 255.0, 63.0, 191.0, 79.0, 63.0, 95.0, 127.0, 255.0, 255.0, 63.0, 511.0, 191.0, 767.0, 255.0, 255.0, 54.0, 127.0, 18.0, 259.0, 275.0, 79.0, 127.0, 95.0, 127.0, 287.0, 511.0, 127.0, 255.0, 234.0, 191.0, 166.0, 301.0, 439.0, 127.0, 63.0, 191.0, 127.0, 127.0],