{"draw_idx": 100, "draws": null, "_stats": [{"depth": [4, 5, 5, 5, 5, 5, 5, 6, 5, 4, 5, 4, 5, 5, 4, 5, 4, 4, 4, 4, 5, 6, 4, 5, 5, 5, 4, 5, 5, 5, 5, 5, 5, 4, 4, 5, 5, 4, 5, 4, 5, 5, 5, 3, 5, 5, 5, 5, 5, 5, 5, 5, 4, 4, 4, 5, 4, 5, 4, 5, 5, 4, 4, 4, 5, 5, 5, 5, 4, 5, 5, 6, 4, 5, 5, 4, 4, 6, 5, 6, 4, 5, 5, 4, 4, 5, 5, 5, 4, 5, 4, 5, 5, 5, 4, 5, 5, 4, 4, 5], "step_size": [0.14334105931294233, 0.14334105931294233, 0.14334105931294233, 0.14334105931294233, 0.14334105931294233, 0.14334105931294233, 0.14334105931294233, 0.14334105931294233, 0.14334105931294233, 0.14334105931294233, 0.14334105931294233, 0.14334105931294233, 0.14334105931294233, 0.14334105931294233, 0.14334105931294233, 0.14334105931294233, 0.14334105931294233, 0.14334105931294233, 0.14334105931294233, 0.14334105931294233, 0.14334105931294233, 0.14334105931294233, 0.14334105931294233, 0.14334105931294233, 0.14334105931294233, 0.14334105931294233, 0.14334105931294233, 0.14334105931294233, 0.14334105931294233, 0.14334105931294233, 0.14334105931294233, 0.14334105931294233, 0.14334105931294233, 0.14334105931294233, 0.14334105931294233, 0.14334105931294233, 0.14334105931294233, 0.14334105931294233, 0.14334105931294233, 0.14334105931294233, 0.14334105931294233, 0.14334105931294233, 0.14334105931294233, 0.14334105931294233, 0.14334105931294233, 0.14334105931294233, 0.14334105931294233, 0.14334105931294233, 0.14334105931294233, 0.14334105931294233, 0.14334105931294233, 0.14334105931294233, 0.14334105931294233, 0.14334105931294233, 0.14334105931294233, 0.14334105931294233, 0.14334105931294233, 0.14334105931294233, 0.14334105931294233, 0.14334105931294233, 0.14334105931294233, 0.14334105931294233, 0.14334105931294233, 0.14334105931294233, 0.14334105931294233, 0.14334105931294233, 0.14334105931294233, 0.14334105931294233, 0.14334105931294233, 0.14334105931294233, 0.14334105931294233, 0.14334105931294233, 0.14334105931294233, 0.14334105931294233, 0.14334105931294233, 0.14334105931294233, 0.14334105931294233, 0.14334105931294233, 0.14334105931294233, 0.14334105931294233, 0.14334105931294233, 0.14334105931294233, 0.14334105931294233, 0.14334105931294233, 0.14334105931294233, 0.14334105931294233, 0.14334105931294233, 0.14334105931294233, 0.14334105931294233, 0.14334105931294233, 0.14334105931294233, 0.14334105931294233, 0.14334105931294233, 0.14334105931294233, 0.14334105931294233, 0.14334105931294233, 0.14334105931294233, 0.14334105931294233, 0.14334105931294233, 0.14334105931294233], "tune": [true, false, false, false, false, false, false, false, false, false, false, false, false, false, false, false, false, false, false, false, false, false, false, false, false, false, false, false, false, false, false, false, false, false, false, false, false, false, false, false, false, false, false, false, false, false, false, false, false, false, false, false, false, false, false, false, false, false, false, false, false, false, false, false, false, false, false, false, false, false, false, false, false, false, false, false, false, false, false, false, false, false, false, false, false, false, false, false, false, false, false, false, false, false, false, false, false, false, false, false], "mean_tree_accept": [0.9970072794653959, 0.9955965015180684, 0.9973378386052534, 0.9468827749638107, 0.9976120631734087, 0.9799168501681563, 1.0, 0.9962970312304088, 0.9232156600472988, 0.9995044629661581, 0.9911681513588326, 0.9705336418649633, 0.9982932331977308, 0.9642035259638141, 0.9971127311865099, 0.7716570698211588, 0.6640654271346275, 0.991762480204613, 0.5075091051134046, 0.9968776881750349, 0.964237117945082, 0.9562964094512624, 0.9463868804873256, 0.989308521469779, 0.9691049497418842, 0.9812313199431822, 0.4070917695485612, 0.22751926079522072, 0.9834850793294224, 0.9458780076403789, 0.9952308774986689, 0.9973207478175227, 0.9882741275730149, 0.9973183223449811, 0.9992974012522576, 0.9402180077280192, 0.9841941437285149, 0.9957589312103204, 0.9998551390491001, 0.9826381713973422, 0.7057760348396193, 0.8550045303814524, 0.9913828766094958, 0.972550510933584, 0.994646536048177, 0.9928380338406674, 0.991213565892983, 0.9997829709885998, 0.7061385447290454, 0.9146361905468031, 0.8878462115712322, 0.9972637418254305, 0.9423302836816675, 0.4354260747940334, 0.9956043355363468, 0.9996653154145868, 0.9791929418210716, 0.9937300998008239, 0.9999658383449943, 0.9815554449448405, 0.9995220611335944, 0.9867594776052541, 0.9974306665806831, 1.0, 0.9970434296049632, 0.9993428752339734, 0.9856138519489573, 0.9934310093204667, 0.95643810642443, 0.9932114706304382, 0.9978756794557918, 0.9968097440562196, 0.8103538356759938, 0.9948297994807165, 0.969624183593344, 0.9997070730149161, 0.9882349148179057, 0.9956100299747963, 0.9425104854005223, 0.5812198701416833, 0.9012491976929801, 0.8554766594646155, 0.9721126770960004, 0.6556292054027727, 0.6317019948701166, 0.8330526247705328, 0.42651249503460803, 0.9605498234896176, 0.9944081404785152, 0.9956068291144184, 0.9844411389452252, 0.9988117004067018, 0.9968394977093644, 1.0, 0.9995549106717802, 0.9921551864762888, 0.9980791906441818, 0.971631122366146, 0.9926360196930059, 0.9900808025717075], "step_size_bar": [0.12867464729251155, 0.12867464729251155, 0.12867464729251155, 0.12867464729251155, 0.12867464729251155, 0.12867464729251155, 0.12867464729251155, 0.12867464729251155, 0.12867464729251155, 0.12867464729251155, 0.12867464729251155, 0.12867464729251155, 0.12867464729251155, 0.12867464729251155, 0.12867464729251155, 0.12867464729251155, 0.12867464729251155, 0.12867464729251155, 0.12867464729251155, 0.12867464729251155, 0.12867464729251155, 0.12867464729251155, 0.12867464729251155, 0.12867464729251155, 0.12867464729251155, 0.12867464729251155, 0.12867464729251155, 0.12867464729251155, 0.12867464729251155, 0.12867464729251155, 0.12867464729251155, 0.12867464729251155, 0.12867464729251155, 0.12867464729251155, 0.12867464729251155, 0.12867464729251155, 0.12867464729251155, 0.12867464729251155, 0.12867464729251155, 0.12867464729251155, 0.12867464729251155, 0.12867464729251155, 0.12867464729251155, 0.12867464729251155, 0.12867464729251155, 0.12867464729251155, 0.12867464729251155, 0.12867464729251155, 0.12867464729251155, 0.12867464729251155, 0.12867464729251155, 0.12867464729251155, 0.12867464729251155, 0.12867464729251155, 0.12867464729251155, 0.12867464729251155, 0.12867464729251155, 0.12867464729251155, 0.12867464729251155, 0.12867464729251155, 0.12867464729251155, 0.12867464729251155, 0.12867464729251155, 0.12867464729251155, 0.12867464729251155, 0.12867464729251155, 0.12867464729251155, 0.12867464729251155, 0.12867464729251155, 0.12867464729251155, 0.12867464729251155, 0.12867464729251155, 0.12867464729251155, 0.12867464729251155, 0.12867464729251155, 0.12867464729251155, 0.12867464729251155, 0.12867464729251155, 0.12867464729251155, 0.12867464729251155, 0.12867464729251155, 0.12867464729251155, 0.12867464729251155, 0.12867464729251155, 0.12867464729251155, 0.12867464729251155, 0.12867464729251155, 0.12867464729251155, 0.12867464729251155, 0.12867464729251155, 0.12867464729251155, 0.12867464729251155, 0.12867464729251155, 0.12867464729251155, 0.12867464729251155, 0.12867464729251155, 0.12867464729251155, 0.12867464729251155, 0.12867464729251155, 0.12867464729251155], "tree_size": [15.0, 31.0, 31.0, 31.0, 31.0, 31.0, 31.0, 63.0, 31.0, 15.0, 31.0, 15.0, 31.0, 31.0, 15.0, 31.0, 15.0, 15.0, 15.0, 15.0, 31.0, 63.0, 15.0, 31.0, 31.0, 31.0, 15.0, 31.0, 31.0, 31.0, 31.0, 31.0, 31.0, 15.0, 15.0, 30.0, 31.0, 15.0, 31.0, 15.0, 31.0, 23.0, 31.0, 7.0, 31.0, 31.0, 31.0, 31.0, 31.0, 31.0, 17.0, 31.0, 15.0, 15.0, 15.0, 31.0, 15.0, 31.0, 15.0, 31.0, 31.0, 15.0, 15.0, 15.0, 19.0, 31.0, 31.0, 31.0, 15.0, 31.0, 31.0, 63.0, 11.0, 31.0, 31.0, 15.0, 15.0, 63.0, 31.0, 63.0, 11.0, 31.0, 31.0, 11.0, 15.0, 19.0, 31.0, 31.0, 15.0, 21.0, 15.0, 19.0, 31.0, 31.0, 15.0, 31.0, 31.0, 15.0, 15.0, 23.0],