{"draw_idx": 100, "draws": null, "_stats": [{"depth": [6, 5, 4, 5, 5, 5, 6, 5, 5, 5, 5, 4, 5, 5, 4, 5, 4, 5, 5, 5, 5, 5, 5, 5, 5, 5, 5, 6, 4, 4, 5, 5, 5, 5, 3, 1, 4, 4, 5, 5, 4, 5, 4, 6, 6, 5, 5, 5, 5, 3, 4, 5, 5, 3, 5, 4, 4, 3, 2, 5, 6, 5, 5, 4, 5, 5, 4, 4, 5, 5, 4, 4, 5, 5, 5, 4, 4, 4, 4, 3, 3, 5, 5, 5, 4, 4, 5, 5, 5, 5, 5, 4, 5, 5, 5, 4, 5, 5, 5, 5], "step_size": [0.07312188101408307, 0.07312188101408307, 0.07312188101408307, 0.07312188101408307, 0.07312188101408307, 0.07312188101408307, 0.07312188101408307, 0.07312188101408307, 0.07312188101408307, 0.07312188101408307, 0.07312188101408307, 0.07312188101408307, 0.07312188101408307, 0.07312188101408307, 0.07312188101408307, 0.07312188101408307, 0.07312188101408307, 0.07312188101408307, 0.07312188101408307, 0.07312188101408307, 0.07312188101408307, 0.07312188101408307, 0.07312188101408307, 0.07312188101408307, 0.07312188101408307, 0.07312188101408307, 0.07312188101408307, 0.07312188101408307, 0.07312188101408307, 0.07312188101408307, 0.07312188101408307, 0.07312188101408307, 0.07312188101408307, 0.07312188101408307, 0.07312188101408307, 0.07312188101408307, 0.07312188101408307, 0.07312188101408307, 0.07312188101408307, 0.07312188101408307, 0.07312188101408307, 0.07312188101408307, 0.07312188101408307, 0.07312188101408307, 0.07312188101408307, 0.07312188101408307, 0.07312188101408307, 0.07312188101408307, 0.07312188101408307, 0.07312188101408307, 0.07312188101408307, 0.07312188101408307, 0.07312188101408307, 0.07312188101408307, 0.07312188101408307, 0.07312188101408307, 0.07312188101408307, 0.07312188101408307, 0.07312188101408307, 0.07312188101408307, 0.07312188101408307, 0.07312188101408307, 0.07312188101408307, 0.07312188101408307, 0.07312188101408307, 0.07312188101408307, 0.07312188101408307, 0.07312188101408307, 0.07312188101408307, 0.07312188101408307, 0.07312188101408307, 0.07312188101408307, 0.07312188101408307, 0.07312188101408307, 0.07312188101408307, 0.07312188101408307, 0.07312188101408307, 0.07312188101408307, 0.07312188101408307, 0.07312188101408307, 0.07312188101408307, 0.07312188101408307, 0.07312188101408307, 0.07312188101408307, 0.07312188101408307, 0.07312188101408307, 0.07312188101408307, 0.07312188101408307, 0.07312188101408307, 0.07312188101408307, 0.07312188101408307, 0.07312188101408307, 0.07312188101408307, 0.07312188101408307, 0.07312188101408307, 0.07312188101408307, 0.07312188101408307, 0.07312188101408307, 0.07312188101408307, 0.07312188101408307], "tune": [true, false, false, false, false, false, false, false, false, false, false, false, false, false, false, false, false, false, false, false, false, false, false, false, false, false, false, false, false, false, false, false, false, false, false, false, false, false, false, false, false, false, false, false, false, false, false, false, false, false, false, false, false, false, false, false, false, false, false, false, false, false, false, false, false, false, false, false, false, false, false, false, false, false, false, false, false, false, false, false, false, false, false, false, false, false, false, false, false, false, false, false, false, false, false, false, false, false, false, false], "mean_tree_accept": [0.9993810488404674, 0.5359614750843267, 0.9972027326778949, 0.9818863744760469, 0.9957092383462307, 0.81128499662633, 0.9967143228217146, 0.606980469065685, 0.9958779104752602, 0.9092791549689645, 0.9440004242767043, 0.9835886318429364, 0.9996807527839862, 0.9796728712321964, 0.97996933459992, 0.9444034083849913, 0.6353909644833422, 0.9965619491042175, 0.7769764218716325, 0.9366392128188138, 0.8766758735394428, 0.9778333518232475, 0.7197329759017175, 0.9890655098195485, 0.973658019801439, 0.989621167214504, 0.9013516622522514, 0.996505371773269, 0.9964345662248658, 0.9526784351499934, 0.6068115694539116, 0.9487526564847961, 0.9324609674696654, 1.0, 0.6489080350625552, 7.888152332682501e-14, 0.29361761823398885, 0.9688059542081362, 0.7018347977303683, 0.991622490042941, 0.9970878369107564, 0.9829704736142398, 0.8862711450318567, 0.8875044142001104, 0.9844795036578659, 0.9968557498815968, 0.9952849030615023, 0.9883472944933904, 0.9968423167647033, 0.9966190257756768, 0.9923548299705758, 0.9990774851986044, 0.7823755170400138, 0.9838210621359683, 0.9707495532859773, 0.5386724083748933, 0.9213477047107449, 0.6004315126809965, 0.1739534217291625, 0.9923231890897949, 0.9903206474500995, 0.41254739327485873, 0.9711106673209898, 0.9845693809581862, 0.9884309527343179, 0.9899555163051287, 0.9999920161958583, 0.9743388603560105, 0.988277662811068, 0.8548784170717022, 0.667212689964337, 0.9853473750567822, 0.49423857001871035, 0.8336621449438413, 0.9702388868691849, 0.2908933234967885, 0.13409664684945577, 0.00530570790414544, 0.2248247915194509, 0.14285714285714285, 0.4226768444987065, 0.6885749281865073, 0.6332295118357338, 0.9960166782890538, 0.9890683928397013, 0.9994612490347771, 0.9243388872665863, 0.9932709890551042, 0.9684238699010836, 0.9904797182928727, 0.9688379459525831, 0.8647213691159135, 0.9952056636497619, 0.9991773521360481, 0.9522451906431931, 0.9952020851497266, 0.693781035536179, 0.9981240360426832, 0.9915840967572996, 0.9934602549276967], "step_size_bar": [0.1266059937540946, 0.1266059937540946, 0.1266059937540946, 0.1266059937540946, 0.1266059937540946, 0.1266059937540946, 0.1266059937540946, 0.1266059937540946, 0.1266059937540946, 0.1266059937540946, 0.1266059937540946, 0.1266059937540946, 0.1266059937540946, 0.1266059937540946, 0.1266059937540946, 0.1266059937540946, 0.1266059937540946, 0.1266059937540946, 0.1266059937540946, 0.1266059937540946, 0.1266059937540946, 0.1266059937540946, 0.1266059937540946, 0.1266059937540946, 0.1266059937540946, 0.1266059937540946, 0.1266059937540946, 0.1266059937540946, 0.1266059937540946, 0.1266059937540946, 0.1266059937540946, 0.1266059937540946, 0.1266059937540946, 0.1266059937540946, 0.1266059937540946, 0.1266059937540946, 0.1266059937540946, 0.1266059937540946, 0.1266059937540946, 0.1266059937540946, 0.1266059937540946, 0.1266059937540946, 0.1266059937540946, 0.1266059937540946, 0.1266059937540946, 0.1266059937540946, 0.1266059937540946, 0.1266059937540946, 0.1266059937540946, 0.1266059937540946, 0.1266059937540946, 0.1266059937540946, 0.1266059937540946, 0.1266059937540946, 0.1266059937540946, 0.1266059937540946, 0.1266059937540946, 0.1266059937540946, 0.1266059937540946, 0.1266059937540946, 0.1266059937540946, 0.1266059937540946, 0.1266059937540946, 0.1266059937540946, 0.1266059937540946, 0.1266059937540946, 0.1266059937540946, 0.1266059937540946, 0.1266059937540946, 0.1266059937540946, 0.1266059937540946, 0.1266059937540946, 0.1266059937540946, 0.1266059937540946, 0.1266059937540946, 0.1266059937540946, 0.1266059937540946, 0.1266059937540946, 0.1266059937540946, 0.1266059937540946, 0.1266059937540946, 0.1266059937540946, 0.1266059937540946, 0.1266059937540946, 0.1266059937540946, 0.1266059937540946, 0.1266059937540946, 0.1266059937540946, 0.1266059937540946, 0.1266059937540946, 0.1266059937540946, 0.1266059937540946, 0.1266059937540946, 0.1266059937540946, 0.1266059937540946, 0.1266059937540946, 0.1266059937540946, 0.1266059937540946, 0.1266059937540946, 0.1266059937540946], "tree_size": [63.0, 31.0, 15.0, 31.0, 31.0, 31.0, 63.0, 31.0, 31.0, 31.0, 31.0, 15.0, 31.0, 31.0, 15.0, 31.0, 15.0, 31.0, 23.0, 31.0, 31.0, 31.0, 30.0, 31.0, 31.0, 31.0, 31.0, 47.0, 15.0, 15.0, 31.0, 31.0, 31.0, 31.0, 6.0, 1.0, 15.0, 15.0, 31.0, 31.0, 15.0, 31.0, 15.0, 39.0, 63.0, 31.0, 31.0, 31.0, 31.0, 7.0, 15.0, 31.0, 23.0, 7.0, 31.0, 15.0, 15.0, 5.0, 3.0, 31.0, 63.0, 31.0, 31.0, 15.0, 31.0, 31.0, 15.0, 15.0, 31.0, 19.0, 11.0, 11.0, 31.0, 21.0, 31.0, 15.0, 15.0, 11.0, 15.0, 7.0, 7.0, 31.0, 31.0, 31.0, 15.0, 15.0, 27.0, 31.0, 31.0, 31.0, 31.0, 15.0, 31.0, 31.0, 31.0, 15.0, 23.0, 31.0, 31.0, 31.0],