{"draw_idx": 100, "draws": null, "_stats": [{"depth": [4, 5, 5, 4, 5, 4, 5, 5, 5, 5, 5, 5, 5, 5, 5, 5, 4, 4, 5, 5, 4, 4, 5, 4, 5, 5, 4, 4, 5, 5, 5, 5, 3, 3, 4, 5, 5, 4, 4, 5, 4, 5, 4, 5, 5, 5, 5, 5, 5, 4, 4, 4, 5, 5, 5, 5, 4, 5, 5, 5, 5, 4, 5, 5, 5, 5, 4, 5, 5, 4, 5, 5, 4, 3, 5, 5, 4, 5, 6, 4, 5, 5, 4, 4, 5, 5, 4, 4, 5, 5, 4, 5, 4, 5, 4, 5, 5, 5, 5, 3], "step_size": [0.13217816504476324, 0.13217816504476324, 0.13217816504476324, 0.13217816504476324, 0.13217816504476324, 0.13217816504476324, 0.13217816504476324, 0.13217816504476324, 0.13217816504476324, 0.13217816504476324, 0.13217816504476324, 0.13217816504476324, 0.13217816504476324, 0.13217816504476324, 0.13217816504476324, 0.13217816504476324, 0.13217816504476324, 0.13217816504476324, 0.13217816504476324, 0.13217816504476324, 0.13217816504476324, 0.13217816504476324, 0.13217816504476324, 0.13217816504476324, 0.13217816504476324, 0.13217816504476324, 0.13217816504476324, 0.13217816504476324, 0.13217816504476324, 0.13217816504476324, 0.13217816504476324, 0.13217816504476324, 0.13217816504476324, 0.13217816504476324, 0.13217816504476324, 0.13217816504476324, 0.13217816504476324, 0.13217816504476324, 0.13217816504476324, 0.13217816504476324, 0.13217816504476324, 0.13217816504476324, 0.13217816504476324, 0.13217816504476324, 0.13217816504476324, 0.13217816504476324, 0.13217816504476324, 0.13217816504476324, 0.13217816504476324, 0.13217816504476324, 0.13217816504476324, 0.13217816504476324, 0.13217816504476324, 0.13217816504476324, 0.13217816504476324, 0.13217816504476324, 0.13217816504476324, 0.13217816504476324, 0.13217816504476324, 0.13217816504476324, 0.13217816504476324, 0.13217816504476324, 0.13217816504476324, 0.13217816504476324, 0.13217816504476324, 0.13217816504476324, 0.13217816504476324, 0.13217816504476324, 0.13217816504476324, 0.13217816504476324, 0.13217816504476324, 0.13217816504476324, 0.13217816504476324, 0.13217816504476324, 0.13217816504476324, 0.13217816504476324, 0.13217816504476324, 0.13217816504476324, 0.13217816504476324, 0.13217816504476324, 0.13217816504476324, 0.13217816504476324, 0.13217816504476324, 0.13217816504476324, 0.13217816504476324, 0.13217816504476324, 0.13217816504476324, 0.13217816504476324, 0.13217816504476324, 0.13217816504476324, 0.13217816504476324, 0.13217816504476324, 0.13217816504476324, 0.13217816504476324, 0.13217816504476324, 0.13217816504476324, 0.13217816504476324, 0.13217816504476324, 0.13217816504476324, 0.13217816504476324], "tune": [true, false, false, false, false, false, false, false, false, false, false, false, false, false, false, false, false, false, false, false, false, false, false, false, false, false, false, false, false, false, false, false, false, false, false, false, false, false, false, false, false, false, false, false, false, false, false, false, false, false, false, false, false, false, false, false, false, false, false, false, false, false, false, false, false, false, false, false, false, false, false, false, false, false, false, false, false, false, false, false, false, false, false, false, false, false, false, false, false, false, false, false, false, false, false, false, false, false, false, false], "mean_tree_accept": [0.999973220406316, 0.9756567947839299, 0.9826989133409286, 0.981441136493612, 0.9177435906374601, 0.20337518333597704, 0.8552274776448963, 0.9784814626149476, 0.9511352670875839, 0.9042353672131808, 0.9960420783773867, 0.9918372051286158, 0.9007989411055443, 0.9631104228305593, 0.9156354773245436, 0.8982214678953757, 0.9785958712270338, 0.8397833677275505, 0.9882229557604748, 0.9933122616844501, 0.9863745101148793, 0.99151830502293, 0.9006487976845786, 0.993562110800369, 0.853350338627421, 0.9690570926956233, 0.9943969425136526, 1.0, 0.983356821484697, 0.9774025248220104, 0.8886161802279868, 0.9826208219972553, 0.07443025692062075, 0.20237873378652288, 0.46668189936700016, 0.9591190489906711, 0.9944389627528051, 1.0, 0.9940756315723701, 0.970726731649568, 0.9950302798833438, 0.994837291177477, 0.9965974004606859, 0.9007307374310222, 0.978452593461154, 0.9882190605792911, 1.0, 0.9961176844983095, 0.9579958573833632, 0.9632199414156942, 0.9850724526289281, 0.9951235201904477, 0.975342095762713, 0.9988538622757422, 0.9730967689788625, 0.9973300315104882, 0.9958591374435938, 0.980865837383638, 0.9864526440508488, 0.991203505090853, 0.9942190848892558, 0.9965963012912077, 0.9840500544632327, 0.9967890438481645, 0.9964869630363341, 0.992812777154419, 0.9882441990590163, 0.9969503398527337, 0.894476777098938, 0.9962206442861437, 0.9665253818213746, 0.9978176519549014, 0.838401477348314, 0.3294467249230888, 0.9606320022788635, 0.7949045141777122, 0.8222386250997057, 0.9638439413699234, 0.9301140632011698, 0.9977244391834249, 0.9930939867998138, 0.9308758838161284, 0.9968659132875423, 0.9994886533971276, 0.9879536652407935, 0.5578470811401579, 0.9283459744263339, 0.8354837731235747, 0.26399108887771, 0.9909434530816973, 0.9740917946829766, 0.9968495960107643, 0.9745884303672435, 0.9855700407061901, 0.9947284158784714, 0.9909693862093453, 0.9942920974671174, 0.9958779412321329, 0.7788977439878942, 1.0], "step_size_bar": [0.14141640628812363, 0.14141640628812363, 0.14141640628812363, 0.14141640628812363, 0.14141640628812363, 0.14141640628812363, 0.14141640628812363, 0.14141640628812363, 0.14141640628812363, 0.14141640628812363, 0.14141640628812363, 0.14141640628812363, 0.14141640628812363, 0.14141640628812363, 0.14141640628812363, 0.14141640628812363, 0.14141640628812363, 0.14141640628812363, 0.14141640628812363, 0.14141640628812363, 0.14141640628812363, 0.14141640628812363, 0.14141640628812363, 0.14141640628812363, 0.14141640628812363, 0.14141640628812363, 0.14141640628812363, 0.14141640628812363, 0.14141640628812363, 0.14141640628812363, 0.14141640628812363, 0.14141640628812363, 0.14141640628812363, 0.14141640628812363, 0.14141640628812363, 0.14141640628812363, 0.14141640628812363, 0.14141640628812363, 0.14141640628812363, 0.14141640628812363, 0.14141640628812363, 0.14141640628812363, 0.14141640628812363, 0.14141640628812363, 0.14141640628812363, 0.14141640628812363, 0.14141640628812363, 0.14141640628812363, 0.14141640628812363, 0.14141640628812363, 0.14141640628812363, 0.14141640628812363, 0.14141640628812363, 0.14141640628812363, 0.14141640628812363, 0.14141640628812363, 0.14141640628812363, 0.14141640628812363, 0.14141640628812363, 0.14141640628812363, 0.14141640628812363, 0.14141640628812363, 0.14141640628812363, 0.14141640628812363, 0.14141640628812363, 0.14141640628812363, 0.14141640628812363, 0.14141640628812363, 0.14141640628812363, 0.14141640628812363, 0.14141640628812363, 0.14141640628812363, 0.14141640628812363, 0.14141640628812363, 0.14141640628812363, 0.14141640628812363, 0.14141640628812363, 0.14141640628812363, 0.14141640628812363, 0.14141640628812363, 0.14141640628812363, 0.14141640628812363, 0.14141640628812363, 0.14141640628812363, 0.14141640628812363, 0.14141640628812363, 0.14141640628812363, 0.14141640628812363, 0.14141640628812363, 0.14141640628812363, 0.14141640628812363, 0.14141640628812363, 0.14141640628812363, 0.14141640628812363, 0.14141640628812363, 0.14141640628812363, 0.14141640628812363, 0.14141640628812363, 0.14141640628812363, 0.14141640628812363], "tree_size": [15.0, 31.0, 31.0, 15.0, 31.0, 15.0, 31.0, 31.0, 31.0, 23.0, 31.0, 31.0, 31.0, 31.0, 31.0, 31.0, 11.0, 14.0, 31.0, 31.0, 15.0, 15.0, 31.0, 15.0, 31.0, 31.0, 15.0, 15.0, 31.0, 31.0, 31.0, 31.0, 7.0, 5.0, 15.0, 31.0, 31.0, 15.0, 15.0, 31.0, 15.0, 31.0, 15.0, 23.0, 31.0, 31.0, 31.0, 31.0, 31.0, 15.0, 15.0, 15.0, 31.0, 31.0, 31.0, 31.0, 15.0, 31.0, 31.0, 31.0, 31.0, 15.0, 23.0, 31.0, 31.0, 31.0, 15.0, 31.0, 29.0, 15.0, 23.0, 31.0, 9.0, 5.0, 31.0, 31.0, 15.0, 31.0, 63.0, 15.0, 23.0, 31.0, 15.0, 15.0, 31.0, 31.0, 15.0, 15.0, 31.0, 23.0, 15.0, 31.0, 15.0, 19.0, 15.0, 31.0, 31.0, 31.0, 31.0, 7.0],