{"draw_idx": 100, "draws": null, "_stats": [{"depth": [3, 5, 5, 4, 5, 5, 4, 4, 5, 5, 4, 5, 4, 5, 4, 4, 4, 4, 4, 5, 4, 4, 5, 5, 4, 4, 4, 4, 5, 5, 5, 4, 4, 5, 5, 6, 5, 4, 5, 1, 2, 5, 5, 5, 5, 5, 4, 5, 5, 4, 5, 4, 3, 4, 4, 5, 5, 5, 5, 4, 5, 4, 5, 5, 5, 4, 4, 5, 5, 5, 5, 4, 5, 4, 5, 4, 4, 5, 5, 5, 5, 6, 4, 5, 5, 5, 3, 5, 5, 3, 5, 3, 4, 4, 5, 5, 4, 5, 5, 4], "step_size": [0.09531934362328928, 0.09531934362328928, 0.09531934362328928, 0.09531934362328928, 0.09531934362328928, 0.09531934362328928, 0.09531934362328928, 0.09531934362328928, 0.09531934362328928, 0.09531934362328928, 0.09531934362328928, 0.09531934362328928, 0.09531934362328928, 0.09531934362328928, 0.09531934362328928, 0.09531934362328928, 0.09531934362328928, 0.09531934362328928, 0.09531934362328928, 0.09531934362328928, 0.09531934362328928, 0.09531934362328928, 0.09531934362328928, 0.09531934362328928, 0.09531934362328928, 0.09531934362328928, 0.09531934362328928, 0.09531934362328928, 0.09531934362328928, 0.09531934362328928, 0.09531934362328928, 0.09531934362328928, 0.09531934362328928, 0.09531934362328928, 0.09531934362328928, 0.09531934362328928, 0.09531934362328928, 0.09531934362328928, 0.09531934362328928, 0.09531934362328928, 0.09531934362328928, 0.09531934362328928, 0.09531934362328928, 0.09531934362328928, 0.09531934362328928, 0.09531934362328928, 0.09531934362328928, 0.09531934362328928, 0.09531934362328928, 0.09531934362328928, 0.09531934362328928, 0.09531934362328928, 0.09531934362328928, 0.09531934362328928, 0.09531934362328928, 0.09531934362328928, 0.09531934362328928, 0.09531934362328928, 0.09531934362328928, 0.09531934362328928, 0.09531934362328928, 0.09531934362328928, 0.09531934362328928, 0.09531934362328928, 0.09531934362328928, 0.09531934362328928, 0.09531934362328928, 0.09531934362328928, 0.09531934362328928, 0.09531934362328928, 0.09531934362328928, 0.09531934362328928, 0.09531934362328928, 0.09531934362328928, 0.09531934362328928, 0.09531934362328928, 0.09531934362328928, 0.09531934362328928, 0.09531934362328928, 0.09531934362328928, 0.09531934362328928, 0.09531934362328928, 0.09531934362328928, 0.09531934362328928, 0.09531934362328928, 0.09531934362328928, 0.09531934362328928, 0.09531934362328928, 0.09531934362328928, 0.09531934362328928, 0.09531934362328928, 0.09531934362328928, 0.09531934362328928, 0.09531934362328928, 0.09531934362328928, 0.09531934362328928, 0.09531934362328928, 0.09531934362328928, 0.09531934362328928, 0.09531934362328928], "tune": [true, false, false, false, false, false, false, false, false, false, false, false, false, false, false, false, false, false, false, false, false, false, false, false, false, false, false, false, false, false, false, false, false, false, false, false, false, false, false, false, false, false, false, false, false, false, false, false, false, false, false, false, false, false, false, false, false, false, false, false, false, false, false, false, false, false, false, false, false, false, false, false, false, false, false, false, false, false, false, false, false, false, false, false, false, false, false, false, false, false, false, false, false, false, false, false, false, false, false, false], "mean_tree_accept": [0.338339828380886, 0.9780014685890566, 0.9815323932236343, 0.9776484101482803, 0.9991351543709199, 0.8725525664636259, 0.9555023949760402, 0.9823589577336198, 0.987780058586421, 0.9907519587043592, 0.9768690010793439, 0.9901712926481232, 0.9182301523581323, 0.9850991121816414, 0.9998160709730821, 0.967924423641552, 0.7577102003598442, 0.7232493590653255, 0.762876893650642, 0.992888361858805, 0.9582546956742031, 0.5186833446827267, 0.19461960121147923, 0.8667699789760436, 0.8733526279374519, 0.407014929779322, 0.984299193280286, 0.2587019477469677, 0.8145946339771767, 0.9975805580229193, 0.9937510874268243, 0.9996455135800705, 0.9964395327412885, 0.9943191363058171, 0.8436393414973339, 0.9696702785056177, 0.4865859233245237, 0.9593736485077974, 0.9287107528382298, 2.7053297807322833e-11, 3.993532878369326e-09, 0.02643744365768821, 0.4988647839881909, 0.9822779133352567, 0.8593936621410319, 0.9219866050032262, 0.9134657804354741, 0.6016778701830687, 0.9412500379383524, 0.9566184149204027, 0.9110110086058546, 0.9365403574774526, 0.6741469051074555, 0.8175006883014692, 0.9926693613275738, 0.9983391666746481, 0.601149809625051, 0.9879102720330708, 1.0, 0.9943840591890081, 0.8550924130567041, 0.6765685818879323, 0.9511234095810865, 0.9696427038819533, 0.951529694033921, 0.9818013935962846, 0.9850506566068744, 0.8894228487391426, 0.8841698414094893, 0.8249898151140853, 0.9544986307705198, 0.9939374608507929, 0.9820019552522118, 0.5378191175894849, 0.9828138660769069, 0.9526490329470881, 0.5532891384989167, 0.8481971324016421, 0.9269911077364058, 0.9810348595393257, 0.9779342169416957, 0.859371942845889, 0.9990044482649023, 0.9907018282600086, 0.9964198243817483, 0.9953771496291168, 0.9326440719758841, 0.8756470737718844, 0.9805629550841792, 0.9943432647290076, 0.9633926347915588, 0.9774496650433137, 0.9956115210808707, 0.9959603360627745, 0.958458437091628, 0.9830222865893394, 0.9999645117515945, 0.9185885416910675, 0.7203824267652369, 0.9993836777433697], "step_size_bar": [0.14486159423767997, 0.14486159423767997, 0.14486159423767997, 0.14486159423767997, 0.14486159423767997, 0.14486159423767997, 0.14486159423767997, 0.14486159423767997, 0.14486159423767997, 0.14486159423767997, 0.14486159423767997, 0.14486159423767997, 0.14486159423767997, 0.14486159423767997, 0.14486159423767997, 0.14486159423767997, 0.14486159423767997, 0.14486159423767997, 0.14486159423767997, 0.14486159423767997, 0.14486159423767997, 0.14486159423767997, 0.14486159423767997, 0.14486159423767997, 0.14486159423767997, 0.14486159423767997, 0.14486159423767997, 0.14486159423767997, 0.14486159423767997, 0.14486159423767997, 0.14486159423767997, 0.14486159423767997, 0.14486159423767997, 0.14486159423767997, 0.14486159423767997, 0.14486159423767997, 0.14486159423767997, 0.14486159423767997, 0.14486159423767997, 0.14486159423767997, 0.14486159423767997, 0.14486159423767997, 0.14486159423767997, 0.14486159423767997, 0.14486159423767997, 0.14486159423767997, 0.14486159423767997, 0.14486159423767997, 0.14486159423767997, 0.14486159423767997, 0.14486159423767997, 0.14486159423767997, 0.14486159423767997, 0.14486159423767997, 0.14486159423767997, 0.14486159423767997, 0.14486159423767997, 0.14486159423767997, 0.14486159423767997, 0.14486159423767997, 0.14486159423767997, 0.14486159423767997, 0.14486159423767997, 0.14486159423767997, 0.14486159423767997, 0.14486159423767997, 0.14486159423767997, 0.14486159423767997, 0.14486159423767997, 0.14486159423767997, 0.14486159423767997, 0.14486159423767997, 0.14486159423767997, 0.14486159423767997, 0.14486159423767997, 0.14486159423767997, 0.14486159423767997, 0.14486159423767997, 0.14486159423767997, 0.14486159423767997, 0.14486159423767997, 0.14486159423767997, 0.14486159423767997, 0.14486159423767997, 0.14486159423767997, 0.14486159423767997, 0.14486159423767997, 0.14486159423767997, 0.14486159423767997, 0.14486159423767997, 0.14486159423767997, 0.14486159423767997, 0.14486159423767997, 0.14486159423767997, 0.14486159423767997, 0.14486159423767997, 0.14486159423767997, 0.14486159423767997, 0.14486159423767997, 0.14486159423767997], "tree_size": [7.0, 31.0, 31.0, 15.0, 31.0, 31.0, 15.0, 15.0, 31.0, 31.0, 15.0, 31.0, 15.0, 31.0, 15.0, 15.0, 13.0, 11.0, 15.0, 31.0, 15.0, 15.0, 31.0, 31.0, 15.0, 15.0, 15.0, 15.0, 31.0, 31.0, 31.0, 15.0, 15.0, 31.0, 31.0, 63.0, 31.0, 15.0, 31.0, 1.0, 3.0, 31.0, 17.0, 19.0, 31.0, 17.0, 15.0, 31.0, 31.0, 15.0, 31.0, 15.0, 6.0, 15.0, 15.0, 31.0, 31.0, 31.0, 31.0, 15.0, 23.0, 15.0, 31.0, 31.0, 31.0, 15.0, 15.0, 19.0, 19.0, 31.0, 31.0, 15.0, 31.0, 15.0, 31.0, 15.0, 15.0, 27.0, 31.0, 31.0, 31.0, 63.0, 15.0, 31.0, 31.0, 31.0, 7.0, 17.0, 31.0, 7.0, 31.0, 7.0, 15.0, 15.0, 31.0, 31.0, 15.0, 31.0, 23.0, 15.0],