{"draw_idx": 100, "draws": null, "_stats": [{"depth": [5, 6, 6, 7, 5, 7, 8, 7, 7, 8, 8, 5, 6, 7, 6, 7, 7, 7, 6, 7, 6, 7, 6, 5, 7, 7, 7, 7, 6, 6, 6, 6, 6, 6, 5, 6, 6, 5, 6, 7, 7, 6, 6, 7, 7, 7, 5, 6, 7, 6, 7, 6, 8, 5, 4, 5, 7, 7, 6, 7, 7, 6, 8, 6, 7, 6, 7, 6, 6, 6, 6, 7, 6, 7, 6, 7, 7, 8, 8, 1, 8, 7, 7, 8, 8, 7, 7, 6, 6, 6, 6, 7, 6, 6, 6, 7, 7, 6, 6, 6], "step_size": [0.07774439975429141, 0.07774439975429141, 0.07774439975429141, 0.07774439975429141, 0.07774439975429141, 0.07774439975429141, 0.07774439975429141, 0.07774439975429141, 0.07774439975429141, 0.07774439975429141, 0.07774439975429141, 0.07774439975429141, 0.07774439975429141, 0.07774439975429141, 0.07774439975429141, 0.07774439975429141, 0.07774439975429141, 0.07774439975429141, 0.07774439975429141, 0.07774439975429141, 0.07774439975429141, 0.07774439975429141, 0.07774439975429141, 0.07774439975429141, 0.07774439975429141, 0.07774439975429141, 0.07774439975429141, 0.07774439975429141, 0.07774439975429141, 0.07774439975429141, 0.07774439975429141, 0.07774439975429141, 0.07774439975429141, 0.07774439975429141, 0.07774439975429141, 0.07774439975429141, 0.07774439975429141, 0.07774439975429141, 0.07774439975429141, 0.07774439975429141, 0.07774439975429141, 0.07774439975429141, 0.07774439975429141, 0.07774439975429141, 0.07774439975429141, 0.07774439975429141, 0.07774439975429141, 0.07774439975429141, 0.07774439975429141, 0.07774439975429141, 0.07774439975429141, 0.07774439975429141, 0.07774439975429141, 0.07774439975429141, 0.07774439975429141, 0.07774439975429141, 0.07774439975429141, 0.07774439975429141, 0.07774439975429141, 0.07774439975429141, 0.07774439975429141, 0.07774439975429141, 0.07774439975429141, 0.07774439975429141, 0.07774439975429141, 0.07774439975429141, 0.07774439975429141, 0.07774439975429141, 0.07774439975429141, 0.07774439975429141, 0.07774439975429141, 0.07774439975429141, 0.07774439975429141, 0.07774439975429141, 0.07774439975429141, 0.07774439975429141, 0.07774439975429141, 0.07774439975429141, 0.07774439975429141, 0.07774439975429141, 0.07774439975429141, 0.07774439975429141, 0.07774439975429141, 0.07774439975429141, 0.07774439975429141, 0.07774439975429141, 0.07774439975429141, 0.07774439975429141, 0.07774439975429141, 0.07774439975429141, 0.07774439975429141, 0.07774439975429141, 0.07774439975429141, 0.07774439975429141, 0.07774439975429141, 0.07774439975429141, 0.07774439975429141, 0.07774439975429141, 0.07774439975429141, 0.07774439975429141], "tune": [true, false, false, false, false, false, false, false, false, false, false, false, false, false, false, false, false, false, false, false, false, false, false, false, false, false, false, false, false, false, false, false, false, false, false, false, false, false, false, false, false, false, false, false, false, false, false, false, false, false, false, false, false, false, false, false, false, false, false, false, false, false, false, false, false, false, false, false, false, false, false, false, false, false, false, false, false, false, false, false, false, false, false, false, false, false, false, false, false, false, false, false, false, false, false, false, false, false, false, false], "mean_tree_accept": [0.9946637042988005, 0.9995104259743696, 0.9997839861559061, 0.9983605478440873, 0.9993035654191904, 0.9989865055830988, 0.9998460528523048, 0.9989783532976435, 0.9994824712380033, 0.9997195212015754, 0.9989117313419795, 0.999265671621699, 0.9788970624172473, 0.9995790371219847, 0.9993168109784698, 0.9997986773562021, 0.9995685593548091, 0.9997605158350273, 0.9968289758386194, 0.9853509331930022, 0.9930271189704617, 0.9935742104327487, 0.9997099713812386, 0.9946485003945804, 0.9970275436363728, 0.9962528232917824, 0.9986592772962316, 0.9994156946445493, 0.7819295650642948, 0.9944956041252001, 0.9993347041955889, 0.9966840383330511, 0.9984720619927658, 0.9977779103383884, 0.997840186768027, 0.9993573411684211, 0.9998150509685829, 0.9966576434362119, 0.9999782462937735, 0.9975405121966153, 0.9985905888526502, 0.9999557023871277, 0.9958538248429136, 0.9997370533762514, 0.9991074783671302, 0.9561900966308425, 0.9834912600247955, 0.9981401325726982, 0.999252588782005, 0.9998635750752339, 0.9983459486758968, 0.9760795976671527, 0.9995776383193682, 0.9977367271904874, 0.9865845584534069, 0.9924907358657847, 0.9687033793682667, 0.9989490945528228, 0.9981580818255638, 0.9988641299849615, 0.9074592220508658, 0.9988568424011253, 0.9989318914048119, 0.9974483327148281, 0.9991776073974769, 0.9991846867113139, 0.9995368957764125, 0.9992698930339001, 0.9996062135416595, 0.9970205526313632, 0.998613944769673, 1.0, 0.9986681328518903, 0.9966330661787333, 0.9994427488384018, 0.9998102401917606, 0.9799497813043347, 0.9997498018592527, 0.9412036456965187, 0.0, 0.9147301641897851, 0.9983445920993791, 0.9989984828851346, 0.9987509632872684, 0.9992665640819102, 0.9985426549556115, 0.998822112655221, 0.9982800574889591, 0.9976507811375006, 0.9987654967819419, 0.9958087590611525, 0.9988509418298696, 1.0, 0.9993107591100021, 0.9929529649094353, 0.968354666063115, 0.8652370993388816, 0.9849494211866383, 0.9996364212843651, 0.9996303230920263], "step_size_bar": [0.036232268070312657, 0.036232268070312657, 0.036232268070312657, 0.036232268070312657, 0.036232268070312657, 0.036232268070312657, 0.036232268070312657, 0.036232268070312657, 0.036232268070312657, 0.036232268070312657, 0.036232268070312657, 0.036232268070312657, 0.036232268070312657, 0.036232268070312657, 0.036232268070312657, 0.036232268070312657, 0.036232268070312657, 0.036232268070312657, 0.036232268070312657, 0.036232268070312657, 0.036232268070312657, 0.036232268070312657, 0.036232268070312657, 0.036232268070312657, 0.036232268070312657, 0.036232268070312657, 0.036232268070312657, 0.036232268070312657, 0.036232268070312657, 0.036232268070312657, 0.036232268070312657, 0.036232268070312657, 0.036232268070312657, 0.036232268070312657, 0.036232268070312657, 0.036232268070312657, 0.036232268070312657, 0.036232268070312657, 0.036232268070312657, 0.036232268070312657, 0.036232268070312657, 0.036232268070312657, 0.036232268070312657, 0.036232268070312657, 0.036232268070312657, 0.036232268070312657, 0.036232268070312657, 0.036232268070312657, 0.036232268070312657, 0.036232268070312657, 0.036232268070312657, 0.036232268070312657, 0.036232268070312657, 0.036232268070312657, 0.036232268070312657, 0.036232268070312657, 0.036232268070312657, 0.036232268070312657, 0.036232268070312657, 0.036232268070312657, 0.036232268070312657, 0.036232268070312657, 0.036232268070312657, 0.036232268070312657, 0.036232268070312657, 0.036232268070312657, 0.036232268070312657, 0.036232268070312657, 0.036232268070312657, 0.036232268070312657, 0.036232268070312657, 0.036232268070312657, 0.036232268070312657, 0.036232268070312657, 0.036232268070312657, 0.036232268070312657, 0.036232268070312657, 0.036232268070312657, 0.036232268070312657, 0.036232268070312657, 0.036232268070312657, 0.036232268070312657, 0.036232268070312657, 0.036232268070312657, 0.036232268070312657, 0.036232268070312657, 0.036232268070312657, 0.036232268070312657, 0.036232268070312657, 0.036232268070312657, 0.036232268070312657, 0.036232268070312657, 0.036232268070312657, 0.036232268070312657, 0.036232268070312657, 0.036232268070312657, 0.036232268070312657, 0.036232268070312657, 0.036232268070312657, 0.036232268070312657],