{"draw_idx": 100, "draws": null, "_stats": [{"depth": [5, 6, 6, 6, 6, 6, 8, 6, 6, 6, 7, 7, 6, 6, 6, 6, 6, 7, 6, 7, 6, 6, 6, 7, 6, 7, 6, 7, 6, 6, 6, 6, 6, 6, 7, 6, 6, 6, 7, 7, 7, 7, 7, 6, 6, 6, 6, 6, 7, 6, 6, 6, 6, 6, 6, 6, 6, 6, 7, 7, 6, 6, 6, 7, 6, 6, 6, 6, 6, 7, 8, 6, 6, 7, 7, 7, 6, 6, 9, 6, 6, 6, 6, 6, 8, 8, 6, 6, 6, 6, 6, 8, 6, 6, 6, 6, 8, 6, 8, 6], "step_size": [0.020245837903240856, 0.020245837903240856, 0.020245837903240856, 0.020245837903240856, 0.020245837903240856, 0.020245837903240856, 0.020245837903240856, 0.020245837903240856, 0.020245837903240856, 0.020245837903240856, 0.020245837903240856, 0.020245837903240856, 0.020245837903240856, 0.020245837903240856, 0.020245837903240856, 0.020245837903240856, 0.020245837903240856, 0.020245837903240856, 0.020245837903240856, 0.020245837903240856, 0.020245837903240856, 0.020245837903240856, 0.020245837903240856, 0.020245837903240856, 0.020245837903240856, 0.020245837903240856, 0.020245837903240856, 0.020245837903240856, 0.020245837903240856, 0.020245837903240856, 0.020245837903240856, 0.020245837903240856, 0.020245837903240856, 0.020245837903240856, 0.020245837903240856, 0.020245837903240856, 0.020245837903240856, 0.020245837903240856, 0.020245837903240856, 0.020245837903240856, 0.020245837903240856, 0.020245837903240856, 0.020245837903240856, 0.020245837903240856, 0.020245837903240856, 0.020245837903240856, 0.020245837903240856, 0.020245837903240856, 0.020245837903240856, 0.020245837903240856, 0.020245837903240856, 0.020245837903240856, 0.020245837903240856, 0.020245837903240856, 0.020245837903240856, 0.020245837903240856, 0.020245837903240856, 0.020245837903240856, 0.020245837903240856, 0.020245837903240856, 0.020245837903240856, 0.020245837903240856, 0.020245837903240856, 0.020245837903240856, 0.020245837903240856, 0.020245837903240856, 0.020245837903240856, 0.020245837903240856, 0.020245837903240856, 0.020245837903240856, 0.020245837903240856, 0.020245837903240856, 0.020245837903240856, 0.020245837903240856, 0.020245837903240856, 0.020245837903240856, 0.020245837903240856, 0.020245837903240856, 0.020245837903240856, 0.020245837903240856, 0.020245837903240856, 0.020245837903240856, 0.020245837903240856, 0.020245837903240856, 0.020245837903240856, 0.020245837903240856, 0.020245837903240856, 0.020245837903240856, 0.020245837903240856, 0.020245837903240856, 0.020245837903240856, 0.020245837903240856, 0.020245837903240856, 0.020245837903240856, 0.020245837903240856, 0.020245837903240856, 0.020245837903240856, 0.020245837903240856, 0.020245837903240856, 0.020245837903240856], "tune": [true, false, false, false, false, false, false, false, false, false, false, false, false, false, false, false, false, false, false, false, false, false, false, false, false, false, false, false, false, false, false, false, false, false, false, false, false, false, false, false, false, false, false, false, false, false, false, false, false, false, false, false, false, false, false, false, false, false, false, false, false, false, false, false, false, false, false, false, false, false, false, false, false, false, false, false, false, false, false, false, false, false, false, false, false, false, false, false, false, false, false, false, false, false, false, false, false, false, false, false], "mean_tree_accept": [0.9802337561582734, 1.0, 1.0, 0.98393951745138, 0.9889278177520319, 0.9890764107676846, 0.9981974872681175, 0.9249996476842491, 0.9843296241020072, 0.7892081072042559, 0.9973535540950675, 0.9991439165547513, 0.9536500858785842, 0.8941944340097944, 0.9868187850037302, 0.952684763936796, 0.9866214368367613, 0.9482013569204547, 0.9965581636884594, 0.9667630982712153, 0.9221118272776161, 0.9809312079620757, 0.991718084755562, 0.9726747193063365, 0.9516875932936965, 0.8664095610006746, 0.9995352454781389, 0.9880632842127423, 0.9979850266364061, 0.987075560122037, 0.9776586407236274, 0.9781759687241937, 0.9985795144263189, 0.9593256174990057, 0.9686440142757707, 0.9839086440508668, 0.9717226871958841, 0.9504909203971482, 0.9655350215160473, 0.9985960628151739, 0.9978907504939502, 0.9991143959416976, 0.9843319923469147, 1.0, 0.9576432427830075, 0.9656362054149097, 0.9733266896953093, 0.993242728443297, 0.9667844007483684, 0.962971069053192, 0.9892970356100046, 0.9746566672896164, 0.9519657154305465, 0.9464283518665221, 0.9949706642723972, 0.9989784207181014, 0.9829614315232781, 0.8598208712063691, 0.9287250845694464, 0.9511552119618459, 0.9423493363647562, 0.9939126501319108, 0.98394446298287, 0.9890880128488458, 0.9598393031864008, 0.91869980408062, 0.9393655774639786, 0.8921191690423961, 0.9946716087258455, 0.9883516014119876, 0.9641566814561562, 0.998939866770781, 0.9784791765138926, 0.9941203928001654, 0.9735644586568658, 0.9985302032460383, 0.9611059347495021, 0.864334294703207, 0.9618947437316717, 0.9208881017926001, 0.9945010994484003, 0.9784742574190821, 0.9803958472046609, 0.9583612434979575, 0.9762257471416592, 0.9146622698385916, 0.9592604606581677, 0.9790359646801223, 0.9579922931804139, 0.9950832096516063, 0.9782838642748789, 0.9984666980979028, 0.8532774244202517, 0.9416038581842984, 0.9675295699560319, 0.9589465202136515, 0.9899226442305848, 0.9812602979126377, 0.991243635714645, 0.9988420272277573], "step_size_bar": [0.012102622308357213, 0.012102622308357213, 0.012102622308357213, 0.012102622308357213, 0.012102622308357213, 0.012102622308357213, 0.012102622308357213, 0.012102622308357213, 0.012102622308357213, 0.012102622308357213, 0.012102622308357213, 0.012102622308357213, 0.012102622308357213, 0.012102622308357213, 0.012102622308357213, 0.012102622308357213, 0.012102622308357213, 0.012102622308357213, 0.012102622308357213, 0.012102622308357213, 0.012102622308357213, 0.012102622308357213, 0.012102622308357213, 0.012102622308357213, 0.012102622308357213, 0.012102622308357213, 0.012102622308357213, 0.012102622308357213, 0.012102622308357213, 0.012102622308357213, 0.012102622308357213, 0.012102622308357213, 0.012102622308357213, 0.012102622308357213, 0.012102622308357213, 0.012102622308357213, 0.012102622308357213, 0.012102622308357213, 0.012102622308357213, 0.012102622308357213, 0.012102622308357213, 0.012102622308357213, 0.012102622308357213, 0.012102622308357213, 0.012102622308357213, 0.012102622308357213, 0.012102622308357213, 0.012102622308357213, 0.012102622308357213, 0.012102622308357213, 0.012102622308357213, 0.012102622308357213, 0.012102622308357213, 0.012102622308357213, 0.012102622308357213, 0.012102622308357213, 0.012102622308357213, 0.012102622308357213, 0.012102622308357213, 0.012102622308357213, 0.012102622308357213, 0.012102622308357213, 0.012102622308357213, 0.012102622308357213, 0.012102622308357213, 0.012102622308357213, 0.012102622308357213, 0.012102622308357213, 0.012102622308357213, 0.012102622308357213, 0.012102622308357213, 0.012102622308357213, 0.012102622308357213, 0.012102622308357213, 0.012102622308357213, 0.012102622308357213, 0.012102622308357213, 0.012102622308357213, 0.012102622308357213, 0.012102622308357213, 0.012102622308357213, 0.012102622308357213, 0.012102622308357213, 0.012102622308357213, 0.012102622308357213, 0.012102622308357213, 0.012102622308357213, 0.012102622308357213, 0.012102622308357213, 0.012102622308357213, 0.012102622308357213, 0.012102622308357213, 0.012102622308357213, 0.012102622308357213, 0.012102622308357213, 0.012102622308357213, 0.012102622308357213, 0.012102622308357213, 0.012102622308357213, 0.012102622308357213],